"A2A SPA ","Valotti Giovanni","Presidente e Componente del Comitato Esecutivo"
,"Comboni Giovanni","Vice Presidente e Componente del Comitato Esecutivo"
,"Camerano Luca","Amministratore Delegato e Componente del Comitato Esecutivo"
,"Ravera Secondina Giulia",Amministratore
,"Bonomo Antonio",Amministratore
,"De Paoli Luigi",Amministratore
,"Ceretti Elisabetta",Amministratore
,"Pareglio Stefano",Amministratore
,"Di Mezza Fausto",Amministratore
,"Brivio Giambattista",Amministratore
,"Castelli Michaela",Amministratore
,"Cappello Maria Elena",Amministratore
"ACEA SPA ","Tomasetti Catia",Presidente
,"Irace Alberto","Amministratore Delegato"
,"Giani Giovanni",Amministratore
,"Capece Minutolo Del Sasso Massimiliano",Amministratore
,"Profeta Paola Antonia",Amministratore
,"Maggini Elisabetta",Amministratore
,"D'arras Diane",Amministratore
,"Caltagirone Francesco",Amministratore
,"Neri Roberta",Amministratore
"ACOTEL GROUP SPA ","Carnevale Claudio","Presidente e Amministratore Delegato"
,"Rubens Esposito",Amministratore
,"Argenziano Margherita",Amministratore
,"Ago Francesco",Amministratore
,"Galoppi Giovanni",Amministratore
"ACSM-AGAM SPA ","Orsenigo Giovanni",Presidente
,"Di Ruscio Annamaria","Vice Presidente"
,"Soldani Paolo","Amministratore Delegato"
,"Manna Franco Carmine",Amministratore
,"Ferri Giuseppe",Amministratore
,"D'alessandro Umberto",Amministratore
,"Biandrino Pier Giuseppe",Amministratore
,"Moglia Antonio",Amministratore
,"Becchelli Francesco",Amministratore
,"Beretta Floriana",Amministratore
"AEDES SOCIETA' DI INVESTIMENTO IMMOBILIARE QUOTATA SOCIETA' PER AZIONI ","Puri Negri Carlo Alessandro",Presidente
,"Ceglie Benedetto","Vice Presidente"
,"Roveda Giuseppe","Amministratore Delegato"
,"Negri Clementi Annapaola",Amministratore
,"Garbuglia Giacomo",Amministratore
,"Rossano Serenella",Amministratore
,"Latella Dario",Amministratore
,"Guarneri Adriano",Amministratore
,"Robba Giorgio",Amministratore
"AEFFE SPA ","Ferretti Massimo",Presidente
,"Salomoni Marco",Amministratore
,"Tassinari Marcello",Amministratore
,"Borocci Sabrina",Amministratore
,"Badioli Simone",Amministratore
,"Ferretti Alberta",Amministratore
,"Giustiniani Pierfrancesco",Amministratore
,"Lugano Roberto",Amministratore
"AEROPORTO GUGLIELMO MARCONI DI BOLOGNA SPA ","Postacchini Enrico",Presidente
,"Ventola Nazareno","Amministratore Delegato"
,"Bonfiglioli Sonia",Amministratore
,"Lorenzoni Gianni",Amministratore
,"Tabellini Giorgio",Amministratore
,"Mantecchini Luca",Amministratore
,"Fornasari Chiara",Amministratore
,"Grandi Giada",Amministratore
,"Cammelli Marco",Amministratore
"ALBA SPA ","Cappone Michele",Presidente
,"Di Terlizzi Flavio","Amministratore Delegato"
,"Bosco Monica",Amministratore
,"Prati Paolo",Amministratore
,"De Miranda Roberto",Amministratore
,"Gatti Matteo",Amministratore
,"Brocchetti Cristiana",Amministratore
,"Bazoli Francesca",Amministratore
"ALERION CLEAN POWER SPA ","Colleoni Gastone",Presidente
,"Arnaboldi Luca","Vice Presidente"
,"Miglio Mauro","Amministratore Delegato"
,"Santini Corrado",Amministratore
,"Bartyan Sylvia",Amministratore
,"Savi Patrizia",Amministratore
,"Bonamigo Mario",Amministratore
"AMBIENTHESIS SPA ","Monorchio Andrea","Presidente onorario"
,"Azario Alberto",Presidente
,"Grossi Paola","Vice Presidente"
,"Belli Damiano","Amministratore Delegato"
,"Menzolini Enrico",Amministratore
,"Cominetta Pier Giorgio Emiliano",Amministratore
,"Pedretti Susanna",Amministratore
,"Margutti Paola",Amministratore
,"La Pietra Paolo Giuseppe",Amministratore
,"Mangialardi Giovanni",Amministratore
,"Castagnola Franco",Amministratore
"AMPLIFON SPA ","Formiggini Anna Maria","Presidente onorario e Amministratore"
,"Holland Susan Carol",Presidente
,"Moscetti Franco","Vice Presidente"
,"Vita Enrico","Amministratore Delegato"
,"Costa Maurizio",Amministratore
,"Puccio Anna",Amministratore
,"Bracchi Giampio",Amministratore
,"Tamburi Giovanni",Amministratore
,"Guerra Andrea",Amministratore
"ANIMA HOLDING SPA ","Bombonato Claudio",Presidente
,"Carreri Marco","Amministratore Delegato"
,"Caverni Mara Anna Rita",Amministratore
,"Grieco Maria Patrizia",Amministratore
,"Miceli Valeria",Amministratore
,"Raimondi Livio",Amministratore
,"Furlan Laura",Amministratore
,"Turri Giuseppe",Amministratore
,"Venuti Gianfranco",Amministratore
"ANSALDO STS SPA ","Dormer Alistair John",Presidente
,"Boswell Karen","Vice Presidente"
,"Siragusa Stefano","Amministratore Delegato"
,"Piccinino Alessandra",Amministratore
,"Giannotti Paola",Amministratore
,"Pavesi Bruno",Amministratore
,"Gallazzi Giulio",Amministratore
,"Garraffo Mario",Amministratore
,"Cavallini Giovanni",Amministratore
"ARENA AGROINDUSTRIE ALIMENTARI SPA ","Lombardi Raffaello","Presidente e Amministratore Delegato"
,"Sorgi Emilio","Vice Presidente"
,"De Carolis Cesare M",Amministratore
"ARNOLDO MONDADORI EDITORE SPA ","Berlusconi Marina Elvira",Presidente
,"Mauri Ernesto","Amministratore Delegato"
,"Berlusconi Piersilvio",Amministratore
,"Poli Roberto",Amministratore
,"Messina Alfredo",Amministratore
,"Resca Mario",Amministratore
,"Rossello Cristina",Amministratore
,"Spadacini Marco",Amministratore
,"Renoldi Angelo",Amministratore
,"Cannatelli Pasquale",Amministratore
,"Ermolli Bruno",Amministratore
,"Pellegrino Danilo",Amministratore
,"Forneron Mondadori Martina",Amministratore
,"Pozzi Oddone Maria",Amministratore
"ASCOPIAVE SPA ","Zugno Fulvio","Presidente e Amministratore Delegato"
,"Paron Claudio",Amministratore
,"Quarello Enrico",Amministratore
,"Pietrobon Greta",Amministratore
,"Coin Dimitri",Amministratore
"AS ROMA SPA ","Pallotta James Joseph","Presidente e Componente del Comitato Esecutivo"
,"Zanzi Italo Andres","Amministratore Delegato e Componente del Comitato Esecutivo"
,"Beers Charlotte Lenore",Amministratore
,"Gold Stanley Philipp",Amministratore
,"Klein Brian Katz",Amministratore
,"Baldissoni Mauro","Amministratore e Componente del Comitato Esecutivo"
,"Navarra Benedetta",Amministratore
,"D'amore Richard Antony",Amministratore
,"Sternlicht Barry Stuart",Amministratore
,"Cambareri Gianluca",Amministratore
,"Neely Cameron Michael",Amministratore
,"Garciaparra Mariel Hamm",Amministratore
,"Galantic John",Amministratore
"ASSICURAZIONI GENERALI SPA ","Galateri Di Genola E Suniglia Gabriele",Presidente
,"Rebecchini Clemente","Vice Presidente"
,"Caltagirone Francesco Gaetano","Vice Presidente"
,"Greco Mario","Amministratore Delegato"
,"Pucci Sabrina",Amministratore
,"Barra Ornella",Amministratore
,"Pellicioli Lorenzo",Amministratore
,"Fourtou Rene' Jean",Amministratore
,"Cattaneo Flavio",Amministratore
,"Figari Alberta",Amministratore
,"Sapienza Paola",Amministratore
"ASTALDI SPA ","Astaldi Paolo",Presidente
,"Monti Ernesto","Vice Presidente"
,"Cafiero Giuseppe","Vice Presidente"
,"Stinellis Filippo","Amministratore Delegato"
,"Cerri Stefano","Amministratore Delegato"
,"Guidobono Cavalchini Luigi",Amministratore
,"Astaldi Caterina",Amministratore
,"Cuccia Paolo",Amministratore
,"Cirla Giorgio",Amministratore
,"Gnudi Piero",Amministratore
,"Mincato Nicoletta",Amministratore
,"Mancini Chiara",Amministratore
,"Pinto Eugenio",Amministratore
"ASTM SPA ","Gros Pietro Gian Maria",Presidente
,"Gavio Daniela","Vice Presidente"
,"Gavio Marcello","Vice Presidente"
,"Rubegni Alberto","Amministratore Delegato"
,"Bariatti Stefania",Amministratore
,"Poggiali Barbara",Amministratore
,"Roth Luigi Piergiuseppe Ferdinando",Amministratore
,"Bima Caterina",Amministratore
,"Davide Pierluigi",Amministratore
,"Dezzani Flavio",Amministratore
,"Weigmann Marco",Amministratore
,"Bomarsi Luigi",Amministratore
,"Ferrero Cesare",Amministratore
,"Viviano Stefano",Amministratore
,"Garofano Giuseppe Maria",Amministratore
"ATLANTIA SPA ","Cerchiai Fabio",Presidente
,"Castellucci Giovanni","Amministratore Delegato"
,"Rebecchini Clemente",Amministratore
,"Benetton Gilberto",Amministratore
,"Mondardini Monica",Amministratore
,"Bertazzo Carlo",Amministratore
,"Lapucci Massimo",Amministratore
,"Clo' Alberto",Amministratore
,"Angela Carla",Amministratore
,"Coda Gianni",Amministratore
,"Botto Poala Matteo",Amministratore
,"Marcus Lucy Pauline",Amministratore
,"Mari Giuliano",Amministratore
,"Martinelli Valentina",Amministratore
,"Bertoldi Bernardo",Amministratore
"AUTOGRILL SPA ","Benetton Gilberto",Presidente
,"Tondato Da Ruos Gianmario","Amministratore Delegato"
,"Gallo Giorgina",Amministratore
,"Chiappetta Francesco Umile",Amministratore
,"Albanese Ernesto",Amministratore
,"Ulsever Neriman",Amministratore
,"Roverato Paolo",Amministratore
,"Dittmeier Carolyn Adele",Amministratore
,"Barracco Tommaso",Amministratore
,"Mion Gianni",Amministratore
,"Benetton Alessandro",Amministratore
,"Orlando Stefano",Amministratore
,"Fasanella D'Amore Di Ruffano Massimo",Amministratore
"AUTOSTRADE MERIDIONALI SPA ","Fratta Pietro",Presidente
,"Cirino Pomicino Paolo","Vice Presidente"
,"Barrel Giulio","Amministratore Delegato"
,"Fontecchia Carolina",Amministratore
,"De Benetti Cristina",Amministratore
,"Fiorentino Paolo",Amministratore
,"Di Cintio Gabriele",Amministratore
"AZIMUT HOLDING SPA ","Giuliani Pietro","Presidente e Amministratore Delegato e Componente del Comitato Esecutivo"
,"Malcontenti Marco","Amministratore Delegato e Componente del Comitato Esecutivo"
,"Novelli Franco",Amministratore
,"Mungo Paola Antonella","Amministratore e Componente del Comitato Esecutivo"
,"Aliberti Andrea","Amministratore e Componente del Comitato Esecutivo"
,"Milanese Aldo",Amministratore
,"Martini Paolo","Amministratore e Componente del Comitato Esecutivo"
,"Nicolini Teresa",Amministratore
,"Gelatti Mach De Palmstein Stefano","Amministratore e Componente del Comitato Esecutivo"
,"Simionato Giancarlo",Amministratore
"BANCA CARIGE SPA - CASSA DI RISPARMIO DI GENOVA E IMPERIA ","Albani Castelbarco Cesare","Presidente e Componente del Comitato Esecutivo"
,"Repetto Alessandro","Vice Presidente e Componente del Comitato Esecutivo"
,"Montani Piero Luigi","Amministratore Delegato e Componente del Comitato Esecutivo"
,"Vasco Elena",Amministratore
,"Anselmi Beniamino",Amministratore
,"Wattecamps Philippe",Amministratore
,"Pescione Guido",Amministratore
,"Christillin Evelina",Amministratore
,"Garsuault Philippe Marie Michel",Amministratore
,"Venuti Lucia",Amministratore
,"Bonnet Jerome Gaston Raymond",Amministratore
,"Provaggi Giampaolo","Amministratore e Componente del Comitato Esecutivo"
,"Maccio' Marco","Amministratore e Componente del Comitato Esecutivo"
,"Roffinella Lorenzo",Amministratore
,"Checconi Remo Angelo","Amministratore e Componente del Comitato Esecutivo"
"BANCA FINNAT EURAMERICA SPA ","Carlevaris Carlo","Presidente onorario e Amministratore"
,"Nattino Giampietro",Presidente
,"Buonvino Leonardo","Vice Presidente"
,"Nattino Arturo","Amministratore Delegato"
,"Cusmai Roberto",Amministratore
,"Nattino Maria Sole",Amministratore
,"Scognamiglio Andreina",Amministratore
,"Nattino Giulia",Amministratore
,"Boffa Ermanno",Amministratore
,"Rattazzi Lupo",Amministratore
"BANCA GENERALI SPA ","Vagnone Paolo",Presidente
,"Motta Piermario","Amministratore Delegato"
,"Lapucci Massimo",Amministratore
,"Donnet Philippe",Amministratore
,"Terzi Vittorio",Amministratore
,"Gervasoni Anna",Amministratore
,"Fancel Giancarlo",Amministratore
,"Brugnoli Giovanni",Amministratore
,"Pescatori Annalisa",Amministratore
"BANCA IFIS SPA ","Furstenberg Sebastien Egon",Presidente
,"Csillaghy De Pacser Alessandro","Vice Presidente"
,"Bossi Giovanni","Amministratore Delegato"
,"Benini Giuseppe",Amministratore
,"Santosuosso Daniele Umberto",Amministratore
,"Maderna Francesca",Amministratore
,"Martin Andrea",Amministratore
,"Preve Riccardo",Amministratore
,"Salamon Marina",Amministratore
"BANCA INTERMOBILIARE DI INVESTIMENTI E GESTIONI SPA ","Trinca Flavio",Presidente
,"D'agui' Pietro","Vice Presidente"
,"Campoccia Stefano",Amministratore
,"Rodighiero Giuseppina",Amministratore
,"Benvenuto Maurizio",Amministratore
,"Cortese Mauro",Amministratore
,"Moretto Silvia",Amministratore
,"Bressan Armando",Amministratore
"BANCA MEDIOLANUM SPA ","Doris Ennio",Presidente
,"Pirovano Giovanni","Vice Presidente"
,"Lombardi Edoardo","Vice Presidente"
,"Doris Massimo","Amministratore Delegato"
,"Del Fabbro Luigi",Amministratore
,"Penna Antonio Maria",Amministratore
,"Gualtieri Paolo",Amministratore
,"Renoldi Angelo",Amministratore
,"Doris Annalisa Sara",Amministratore
,"Bianchi Bruno",Amministratore
,"Tusquets Trias De Bes Carlos Javier",Amministratore
"BANCA MONTE DEI PASCHI DI SIENA SPA ","Tononi Massimo",Presidente
,"Isolani Roberto","Vice Presidente"
,"Viola Fabrizio","Amministratore Delegato"
,"Bariatti Stefania",Amministratore
,"Bianchi Fiorella",Amministratore
,"Bonvicini Daniele",Amministratore
,"Bernard Beatrice",Amministratore
,"Whamond Christian",Amministratore
,"Kostoris Fiorella",Amministratore
,"Turicchi Antonino",Amministratore
,"Calvosa Lucia",Amministratore
,"Cappello Maria Elena",Amministratore
,"Falciai Alessandro",Amministratore
,"Truzzoli Stefania",Amministratore
"BANCA POPOLARE DELL'EMILIA ROMAGNA, SOCIETA' COOPERATIVA ","Caselli Ettore",Presidente
,"Boldrini Giosue'","Vice Presidente e Componente del Comitato Esecutivo"
,"Odorici Luigi","Vice Presidente e Componente del Comitato Esecutivo"
,"Marri Alberto","Vice Presidente e Componente del Comitato Esecutivo"
,"Vandelli Alessandro","Amministratore Delegato e Componente del Comitato Esecutivo"
,"Cicognani Giulio",Amministratore
,"Tantazzi Angelo",Amministratore
,"Lucifero Giovampaolo",Amministratore
,"Masperi Valeriana Maria",Amministratore
,"Crotti Cristina",Amministratore
,"Petitto Daniela",Amministratore
,"Marotta Roberto",Amministratore
,"Lusignani Giuseppe",Amministratore
,"Rossi Deanna","Amministratore e Componente del Comitato Esecutivo"
,"Arru Antonio Angelo",Amministratore
,"Gualandri Elisabetta",Amministratore
,"Ferrari Pietro","Amministratore e Componente del Comitato Esecutivo"
,"Bernardini Mara",Amministratore
"BANCA POPOLARE DELL'ETRURIA E DEL LAZIO SCARL, IN LIQUIDAZIONE COATTA AMMINISTRATIVA ","Benocci Alessandro",Amministratore
"BANCA POPOLARE DI MILANO SCARL ","Anolli Mario",Presidente
,"Castagna Giuseppe","Consigliere di Gestione Delegato"
,"Girelli Giorgio Angelo","Consigliere di Gestione"
,"De Martini Paola","Consigliere di Gestione"
,"Croff Davide","Consigliere di Gestione"
"BANCA POPOLARE DI SONDRIO, SOCIETA' COOPERATIVA PER AZIONI ","Venosta Francesco","Presidente e Componente del Comitato Esecutivo"
,"Stoppani Lino Enrico","Vice Presidente e Componente del Comitato Esecutivo"
,"Pedranzini Mario Alberto","Amministratore Delegato e Componente del Comitato Esecutivo"
,"Triacca Domenico","Amministratore e Componente del Comitato Esecutivo"
,"Galbusera Cristina","Amministratore e Componente del Comitato Esecutivo"
,"Ferrari Attilio Piero",Amministratore
,"Propersi Adriano",Amministratore
,"Fontana Giuseppe",Amministratore
,"Falck Federico",Amministratore
,"Biglioli Paolo",Amministratore
,"Sozzani Renato","Amministratore e Componente del Comitato Esecutivo"
,"Rainoldi Annalisa",Amministratore
,"Melzi Di Cusano Nicolo'",Amministratore
,"Credaro Loretta",Amministratore
"BANCA POPOLARE DI SPOLETO SPA ","Lado Stefano Melchiorre",Presidente
,"Colombini Luciano","Vice Presidente e Componente del Comitato Esecutivo"
,"Fantini Giada",Amministratore
,"Del Monte Argante",Amministratore
,"Pellicciotta Alessandro Domenico",Amministratore
,"Mantovani Maria Rita",Amministratore
,"Listanti Giuseppe",Amministratore
,"Cutelle' Pier Antonio",Amministratore
,"Bologna Graziella","Amministratore e Componente del Comitato Esecutivo"
,"Marrazza Marino",Amministratore
,"Broggi Claudio","Amministratore e Componente del Comitato Esecutivo"
"BANCA PROFILO SPA ","Bastianini Guido",Presidente
,"Garbuglia Giacomo","Vice Presidente"
,"Candeli Fabio","Amministratore Delegato"
,"Rossano Serenella",Amministratore
,"Di Giorgio Giorgio",Amministratore
,"Paolucci Umberto",Amministratore
,"Profeta Paola Antonia",Amministratore
,"Maggi Giovanni",Amministratore
,"Perrini Francesco",Amministratore
,"Puri Negri Carlo Alessandro",Amministratore
,"Mariconda Ezilda",Amministratore
"BANCA SISTEMA SPA ","Spoegler Luitgard",Presidente
,"Pugelli Claudio","Vice Presidente"
,"Garbi Gianluca","Amministratore Delegato e Componente del Comitato Esecutivo"
,"De Franceschi Carlotta","Amministratore e Componente del Comitato Esecutivo"
,"Barba Navaretti Giorgio",Amministratore
,"Puglisi Giovanni Antonino","Amministratore e Componente del Comitato Esecutivo"
,"Zappia Andrea",Amministratore
,"Pittatore Daniele",Amministratore
,"Calzolari Michele",Amministratore
"BANCO DI DESIO E DELLA BRIANZA SPA ","Gavazzi Agostino",Presidente
,"Lado Stefano Melchiorre","Vice Presidente e Componente del Comitato Esecutivo"
,"Cartone Tommaso","Amministratore Delegato e Componente del Comitato Esecutivo"
,"Gavazzi Paolo",Amministratore
,"Gavazzi Egidio","Amministratore e Componente del Comitato Esecutivo"
,"Gavazzi Tito","Amministratore e Componente del Comitato Esecutivo"
,"Bologna Graziella","Amministratore e Componente del Comitato Esecutivo"
,"Zecchi Balsamo Gigliola",Amministratore
,"Finocchi Mahne Cristina",Amministratore
,"Appetiti Sandro",Amministratore
,"Pellicano' Gerolamo",Amministratore
"BANCO DI SARDEGNA SPA ","Arru Antonio Angelo",Presidente
,"Odorici Luigi","Vice Presidente e Componente del Comitato Esecutivo"
,"Boldrini Giosue'","Amministratore e Componente del Comitato Esecutivo"
,"Argiolas Francesca",Amministratore
,"Mossa Giovanni","Amministratore e Componente del Comitato Esecutivo"
,"Maccallini Carlo",Amministratore
,"Loi Alessio Paolo",Amministratore
,"Gigli Sabrina",Amministratore
,"Rinaldi Paolo",Amministratore
,"Gasparini Carlo Alberto",Amministratore
,"Tavormina Carlo",Amministratore
,"Togni Fabrizio","Amministratore e Componente del Comitato Esecutivo"
,"Marri Alberto","Amministratore e Componente del Comitato Esecutivo"
,"Saba Luca",Amministratore
,"Cardillo Maria Rosaria",Amministratore
"BANCO POPOLARE SOCIETA' COOPERATIVA ","Fratta Pasini Carlo","Presidente e Componente del Comitato Esecutivo"
,"Castellotti Guido","Vice Presidente e Componente del Comitato Esecutivo"
,"Comoli Maurizio","Vice Presidente e Componente del Comitato Esecutivo"
,"Saviotti Pier Francesco","Amministratore Delegato e Componente del Comitato Esecutivo"
,"Corsi Luigi",Amministratore
,"Lazzari Valter",Amministratore
,"Galeotti Cristina",Amministratore
,"Zanini Tommaso",Amministratore
,"Veronesi Sandro",Amministratore
,"Ravanelli Fabio",Amministratore
,"Rossignoli Cecilia",Amministratore
,"Codecasa Patrizia",Amministratore
,"Pedrollo Giulio",Amministratore
,"Perotti Enrico",Amministratore
,"Guidi Andrea",Amministratore
,"Zucchetti Cristina",Amministratore
,"Zonca Cesare","Amministratore e Componente del Comitato Esecutivo"
,"Filippa Gianni",Amministratore
,"Rangoni Machiavelli Claudio",Amministratore
,"Faroni Maurizio","Amministratore e Componente del Comitato Esecutivo"
,"Montemerlo Daniela",Amministratore
,"De Angelis Domenico","Amministratore e Componente del Comitato Esecutivo"
,"Zanetta Franco",Amministratore
,"Marino Maurizio",Amministratore
"BANZAI SPA ","Ainio Paolo Guglielmo Luigi",Presidente
,"Iovane Pietro Scott","Amministratore Delegato"
,"Quintarelli Stefano",Amministratore
,"Boroli Pietro",Amministratore
,"Gatti Anna",Amministratore
,"Renzulli Matteo Bruno",Amministratore
,"Mariconda Ezilda",Amministratore
,"Biasco Andrea",Amministratore
"BASIC NET SPA ","Boglione Marco Daniele",Presidente
,"Crespi Giovanni","Vice Presidente"
,"Ovazza Daniela","Vice Presidente"
,"Spalla Franco","Amministratore Delegato"
,"Marconetto Adriano",Amministratore
,"Rolando Elisabetta",Amministratore
,"Pavesio Carlo",Amministratore
,"Hendlmeier Renate Marianne",Amministratore
,"Gabetti Davicini Alessandro Roberto",Amministratore
,"Cafasso Paolo",Amministratore
"BASTOGI SPA ","Cabassi Marco Roberto",Presidente
,"Raschi Andrea","Amministratore Delegato"
,"Marchesoni Maria Adelaide",Amministratore
,"Cataluccio Mateto Francesco",Amministratore
,"Silva Fabio",Amministratore
,"Ferrari Giulio Davide Giorgio",Amministratore
,"Barbè Sara Maria",Amministratore
"B&C SPEAKERS SPA ","Luzi Gianni",Presidente
,"Pancani Alessandro","Amministratore Delegato"
,"Coppini Lorenzo","Amministratore Delegato"
,"Pratesi Simone","Amministratore Delegato"
,"Mantoan Patrizia",Amministratore
,"Spapperi Francesco",Amministratore
,"Pecci Roberta",Amministratore
,"Egidi Gabriella",Amministratore
"BEGHELLI SPA ","Beghelli Gian Pietro","Presidente e Amministratore Delegato"
,"Tamburini Matteo",Amministratore
,"Pedrazzi Fabio",Amministratore
,"Beghelli Maurizio",Amministratore
,"Beghelli Luca",Amministratore
,"Beghelli Graziano",Amministratore
,"Martone Raffaella",Amministratore
,"Cariani Giorgio",Amministratore
,"Pecci Giovanni",Amministratore
,"Maccaferri Dania",Amministratore
"BENI STABILI SOCIETA' PER AZIONI SOCIETA' DI INVESTIMENTO IMMOBILIARE QUOTATA ","Laghi Enrico","Presidente e Componente del Comitato Esecutivo"
,"Kullmann Christophe","Amministratore Delegato e Componente del Comitato Esecutivo"
,"Marazzi Giacomo","Amministratore e Componente del Comitato Esecutivo"
,"Del Vecchio Leonardo","Amministratore e Componente del Comitato Esecutivo"
,"Laurent Jean",Amministratore
,"Debrus Francoise Jaqueline Pascale",Amministratore
,"Vitalini Clara Pierfranca",Amministratore
,"Bruno Tolomei Frigerio Isabella",Amministratore
"BEST UNION COMPANY SPA ","Montebugnoli Luca","Presidente e Amministratore Delegato"
,"Sabattini Luana","Amministratore Delegato"
,"Taiani Silvano","Amministratore Delegato"
,"Troncossi Gabriele",Amministratore
,"Landi Stefano",Amministratore
,"Landuzzi Roberto",Amministratore
,"Pilenga Giuseppe",Amministratore
,"Castagnoli Carla",Amministratore
"BE THINK, SOLVE, EXECUTE SPA ","Taverna Antonio",Presidente
,"Achermann Stefano","Amministratore Delegato"
,"Lambiase Anna",Amministratore
,"Quilici Umberto Giovanni",Amministratore
,"Zattoni Anna",Amministratore
,"Attolico Bernardo",Amministratore
,"Berretti Claudio",Amministratore
,"Achermann Carlo",Amministratore
,"Spagna Cristina",Amministratore
"BIALETTI INDUSTRIE SPA ","Ranzoni Francesco","Presidente e Amministratore Delegato"
,"Crespi Elena",Amministratore
,"Negri Clementi Antonia Maria",Amministratore
,"Timpani Aniello Ciro",Amministratore
,"Ranzoni Roberto",Amministratore
"BIANCAMANO SPA ","Pizzimbone Giovanni Battista","Presidente e Amministratore Delegato"
,"Pizzimbone Pier Paolo","Vice Presidente e Amministratore Delegato"
,"Delbecchi Massimo","Amministratore Delegato"
,"Biassoni Barbara",Amministratore
,"Bignami Enrico Maria",Amministratore
,"Conti Giovanni Maria",Amministratore
,"Mosconi Maria Luisa",Amministratore
"BIESSE SPA ","Selci Roberto",Presidente
,"Selci Giancarlo","Amministratore Delegato"
,"Parpajola Alessandra",Amministratore
,"Porcellini Stefano",Amministratore
,"Giordano Salvatore",Amministratore
,"Righini Elisabetta",Amministratore
,"Tinti Cesare",Amministratore
"BIOERA SPA ","Garnero Santanche' Daniela",Presidente
,"Mantegazza Davide","Vice Presidente"
,"Mazzaro Canio Giovanni","Amministratore Delegato"
,"Mazzaro Michele Mario",Amministratore
,"Segre Ariel David",Amministratore
"BOERO BARTOLOMEO SPA ","Boero Andreina",Presidente
,"Carcassi Giuseppe","Vice Presidente"
,"Cavalleroni Cristina","Vice Presidente"
,"Rupnik Giorgio","Amministratore Delegato"
,"Miele Annarosa",Amministratore
,"Teso Adriano",Amministratore
,"Gavarone Gregorio",Amministratore
,"Ghisleri Luigi",Amministratore
,"Iacone Giampaolo Umberto",Amministratore
"BOLZONI SPA ","Bolzoni Emilio","Presidente e Amministratore Delegato"
,"Scotti Roberto","Amministratore Delegato"
,"Staack Karl Peter Otto",Amministratore
,"Zanconti Elena",Amministratore
,"Magnelli Pier Luigi",Amministratore
,"Bolzoni Franco",Amministratore
,"Rossi Patrizia",Amministratore
,"Mazzoni Paolo",Amministratore
,"Berretti Claudio",Amministratore
"BONIFICHE FERRARESI SPA ","Locatelli Rossella",Presidente
,"Vecchioni Federico","Amministratore Delegato"
,"Canetta Giovanni",Amministratore
,"Scordamaglia Luigi Pio",Amministratore
,"Bignami Andrea",Amministratore
,"Lattanzi Arturo",Amministratore
,"Dompé Nathalie Francesca Maria",Amministratore
,"Lenzi Sergio",Amministratore
,"Petterlini Valeria",Amministratore
,"Saviotti Bruna",Amministratore
,"Gavio Marcello",Amministratore
"BORGOSESIA SPA IN LIQUIDAZIONE ","Tegliai Rossella",Amministratore
"BREMBO SPA - FRENI BREMBO ","Bombassei Alberto",Presidente
,"Tiraboschi Matteo","Vice Presidente"
,"Abbati Marescotti Andrea","Amministratore Delegato"
,"Bombassei Cristina",Amministratore
,"Rocca Gianfelice",Amministratore
,"Dallera Giancarlo",Amministratore
,"Martinelli Bianca Maria",Amministratore
,"Pistorio Pasquale",Amministratore
,"Borra Barbara",Amministratore
,"Nicodano Umberto Carlo Maria",Amministratore
,"Cavallini Giovanni",Amministratore
"BRIOSCHI SVILUPPO IMMOBILIARE SPA ","Pezzoli Luigi Arcangelo",Presidente
,"Lanza Marco Abramo",Amministratore
,"Di Giovanna Giuseppe",Amministratore
,"Colombo Fabrizio Natale Pietro",Amministratore
,"Nyquist Anna Elisabet",Amministratore
,"Cabassi Matteo Giuseppe",Amministratore
,"Salerno Mariateresa Diana",Amministratore
"BRUNELLO CUCINELLI SPA ","Cucinelli Brunello","Presidente e Amministratore Delegato"
,"Pontremoli Andrea",Amministratore
,"Ciarapica Moreno",Amministratore
,"Manfredi Giovanna",Amministratore
,"Koo Candice",Amministratore
,"Labianca Giuseppe",Amministratore
,"Stefanelli Riccardo",Amministratore
,"Cucinelli Camilla",Amministratore
,"Marzotto Matteo",Amministratore
"BUZZI UNICEM SPA ","Buzzi Alessandro","Presidente onorario"
,"Buzzi Enrico",Presidente
,"Buzzi Veronica","Vice Presidente"
,"Buzzi Pietro","Amministratore Delegato"
,"Buzzi Michele","Amministratore Delegato"
,"Gilli Linda Orsola",Amministratore
,"Fumagalli Romario Aldo",Amministratore
,"Rocca Gianfelice",Amministratore
,"Brega Oliviero Maria",Amministratore
,"Sella Maurizio",Amministratore
,"Weigmann Marco",Amministratore
,"Dyckerhoff York",Amministratore
,"Fornero Elsa Maria Olga",Amministratore
,"Burlando Paolo",Amministratore
"CAD IT SPA ","Dal Cortivo Giuseppe","Presidente e Amministratore Delegato"
,"Magnani Giampietro","Vice Presidente e Amministratore Delegato"
,"Zanella Luigi","Vice Presidente e Amministratore Delegato"
,"Dal Cortivo Giulia","Amministratore Delegato"
,"Dal Cortivo Paolo","Amministratore Delegato"
,"Rizzoli Maurizio",Amministratore
,"Lambertini Lamberto",Amministratore
,"Tosoni Gianpaolo",Amministratore
,"Burkhart Thomas",Amministratore
,"Pedrollo Alessandra",Amministratore
"CAIRO COMMUNICATION SPA ","Cairo Urbano Roberto",Presidente
,"Fornara Uberto","Amministratore Delegato"
,"Cairo Laura Maria",Amministratore
,"Magnocavallo Antonio",Amministratore
,"Petruccioli Stefania",Amministratore
,"Sala Mauro",Amministratore
,"Pompignoli Marco",Amministratore
,"Rezzonico Roberto",Amministratore
,"Janni Marco",Amministratore
,"Cairo Roberto",Amministratore
"CALEFFI SPA ","Caleffi Giuliana",Presidente
,"Federici Rita","Vice Presidente"
,"Ferretti Guido","Amministratore Delegato"
,"Ravazzoni Roberto",Amministratore
,"Favagrossa Raffaello",Amministratore
,"Boselli Mario",Amministratore
"CALTAGIRONE EDITORE SPA ","Caltagirone Francesco Gaetano",Presidente
,"Caltagirone Azzurra","Vice Presidente"
,"Caltagirone Gaetano","Vice Presidente"
,"Delfini Mario",Amministratore
,"Majore Albino",Amministratore
,"Caltagirone Tatiana",Amministratore
,"Nattino Giampietro",Amministratore
,"Confortini Massimo",Amministratore
,"Caltagirone Alessandro",Amministratore
,"Caltagirone Francesco",Amministratore
"CALTAGIRONE SPA ","Caltagirone Francesco Gaetano",Presidente
,"Caltagirone Gaetano","Vice Presidente"
,"Caltagirone Azzurra","Vice Presidente"
,"Delfini Mario",Amministratore
,"Majore Albino",Amministratore
,"Caltagirone Tatiana",Amministratore
,"Passeggio Filomena",Amministratore
,"Moscatelli Sarah",Amministratore
,"Caltagirone Elisabetta",Amministratore
,"Caltagirone Alessandro",Amministratore
,"Caltagirone Francesco",Amministratore
"CARRARO SPA ","Carraro Enrico",Presidente
,"Carraro Tomaso","Vice Presidente"
,"Negri Alberto","Amministratore Delegato"
,"Pittini Marina",Amministratore
,"Buttignon Fabio",Amministratore
,"Bossard Alexander Josef",Amministratore
,"Manna Marina",Amministratore
"CEMBRE SPA ","Rosani Giovanni","Presidente e Amministratore Delegato"
,"Onofri Anna Maria","Vice Presidente"
,"Bottini Bongrani Aldo",Amministratore
,"De Vecchi Giovanni",Amministratore
,"Maccarini Giancarlo",Amministratore
,"Fada Fabio Claudio",Amministratore
,"La Pietra Paolo Giuseppe",Amministratore
,"Rosani Sara",Amministratore
"CEMENTIR HOLDING SPA ","Caltagirone Francesco","Presidente e Amministratore Delegato e Componente del Comitato Esecutivo"
,"Carlevaris Carlo","Vice Presidente"
,"Delfini Mario","Amministratore e Componente del Comitato Esecutivo"
,"Corsico Fabio",Amministratore
,"Di Benedetto Paolo",Amministratore
,"Caltagirone Azzurra",Amministratore
,"Caltagirone Edoardo",Amministratore
,"Ciliberto Mario",Amministratore
,"Nicolini Riccardo","Amministratore e Componente del Comitato Esecutivo"
,"Caltagirone Saverio",Amministratore
,"Caltagirone Alessandro",Amministratore
,"Mancini Chiara",Amministratore
,"De Romanis Veronica",Amministratore
"CENTRALE DEL LATTE DI TORINO & C. SPA ","Luzzati Luigi",Presidente
,"Pozzoli Riccardo","Vice Presidente e Amministratore Delegato"
,"Macchiavello Maurizio","Amministratore Delegato"
,"Tazzetti Alberto",Amministratore
,"Forchino Antonella",Amministratore
,"Artom Adele",Amministratore
,"Roasio Luciano",Amministratore
,"Fornero Elsa Maria Olga",Amministratore
,"Turinetto Germano",Amministratore
"CERVED INFORMATION SOLUTIONS SPA ","Cerchiai Fabio","Presidente e Componente del Comitato Esecutivo"
,"De Bernardis Gianandrea","Amministratore Delegato"
,"Caverni Mara Anna Rita","Amministratore e Componente del Comitato Esecutivo"
,"Mazza Giampiero",Amministratore
,"De Palma Giorgio",Amministratore
,"Quitadamo Federico",Amministratore
,"Ferrante Andrea",Amministratore
,"Nespolo Marco",Amministratore
,"De Jaime Guijarro Francisco Javier",Amministratore
,"Regina Aurelio","Amministratore e Componente del Comitato Esecutivo"
,"Delle Curti Sabrina",Amministratore
"CHL - CENTRO HL DISTRIBUZIONE SPA ","Franchi Federigo",Presidente
,"Franchi Fernando","Amministratore Delegato"
,"Bologni Elke Veronica Alessandra",Amministratore
,"Cappelli Donata",Amministratore
,"Guzzinati Francesco",Amministratore
,"De Sanctis Alessandro",Amministratore
,"Tognetti Andrea",Amministratore
"CICCOLELLA SPA ","Ciccolella Corrado","Presidente e Amministratore Delegato"
,"Serafini Valeria",Amministratore
,"Giannelli Gianvito",Amministratore
,"Bollino Carlo Andrea",Amministratore
,"Petrera Gianluca",Amministratore
"CIR SPA - COMPAGNIE INDUSTRIALI RIUNITE ","De Benedetti Carlo","Presidente onorario"
,"De Benedetti Rodolfo",Presidente
,"Mondardini Monica","Amministratore Delegato"
,"Micossi Stefano",Amministratore
,"Tabellini Guido",Amministratore
,"Giannini Silvia",Amministratore
,"Botticini Maristella",Amministratore
,"Recchi Claudio",Amministratore
,"De Benedetti Marco",Amministratore
,"Bracchi Giampio",Amministratore
,"Debenedetti Franco",Amministratore
,"Girard Franco Roberto",Amministratore
,"De Benedetti Edoardo Enzo Tito",Amministratore
,"Pistauer Michael",Amministratore
"CLASS EDITORI SPA ","Uckmar Victor",Presidente
,"Panerai Paolo Andrea","Vice Presidente e Amministratore Delegato"
,"Magnaschi Pierluigi","Vice Presidente"
,"Panerai Luca Nicolo' Paolo","Vice Presidente"
,"Capolino Gabriele","Amministratore Delegato"
,"Mattei Andrea","Amministratore Delegato"
,"Librio Samanta",Amministratore
,"Martellini Maria",Amministratore
,"Terrenghi Elena",Amministratore
,"Carfagna Maurizio",Amministratore
,"Kann Peter R",Amministratore
,"Riccardi Angelo",Amministratore
,"Vassallo Maria Grazia",Amministratore
,"Bolster William",Amministratore
"COFIDE - GRUPPO DE BENEDETTI SPA ","De Benedetti Carlo","Presidente onorario"
,"De Benedetti Rodolfo",Presidente
,"De Benedetti Edoardo",Amministratore
,"Candiani Silvia Michela",Amministratore
,"Ferrero Pierluigi",Amministratore
,"De Benedetti Marco",Amministratore
,"Cornelli Francesca",Amministratore
,"Dubini Paola",Amministratore
,"Cremona Massimo",Amministratore
,"Oughourlian Joseph Marie",Amministratore
,"Guasti Francesco Giovanni",Amministratore
,"Robotti Roberto",Amministratore
"COMPAGNIA IMMOBILIARE AZIONARIA - CIA SPA ","Riccardi Angelo",Presidente
,"Panerai Paolo Andrea","Vice Presidente"
,"Fanfani Marco","Amministratore Delegato"
,"Panerai Luca Nicolo' Paolo","Amministratore Delegato"
,"Morante Andrea",Amministratore
,"Carfagna Maurizio",Amministratore
,"Cattaneo Della Volta Giovanni Battista",Amministratore
,"Manes Vincenzo",Amministratore
,"Vassallo Maria Grazia",Amministratore
,"Costa Novaro Nicoletta Stefania",Amministratore
,"Panerai Beatrice",Amministratore
,"Vitiello Umberto",Amministratore
"CONAFI PRESTITO' SPA ","Chiolo Nunzio","Presidente e Amministratore Delegato"
,"Cora' Adolfo",Amministratore
,"Gerardo Marco",Amministratore
,"Sanfelice Di Bagnoli Valentina",Amministratore
,"Pontillo Mauro",Amministratore
,"Chiolo Simona",Amministratore
,"Vimercati Giuseppe",Amministratore
"CREDITO EMILIANO SPA ","Ferrari Giorgio",Presidente
,"Zanon Di Valgiurata Lucio Igino","Vice Presidente e Componente del Comitato Esecutivo"
,"Maramotti Ignazio","Vice Presidente e Componente del Comitato Esecutivo"
,"Morstofolini Ernestina",Amministratore
,"Spaggiari Corrado",Amministratore
,"Medici Ugo","Amministratore e Componente del Comitato Esecutivo"
,"Alfieri Romano",Amministratore
,"Corradi Enrico","Amministratore e Componente del Comitato Esecutivo"
,"Viani Giovanni",Amministratore
,"Fontanesi Giorgia",Amministratore
,"Renda Benedetto Giovanni Maria",Amministratore
,"Schwizer Paola Gina Maria",Amministratore
"CREDITO VALTELLINESE SOCIETA' COOPERATIVA ","De Censi Giovanni",Presidente
,"Ribolla Alberto","Vice Presidente e Componente del Comitato Esecutivo"
,"Fiordi Miro","Amministratore Delegato e Componente del Comitato Esecutivo"
,"De Santis Paolo","Amministratore e Componente del Comitato Esecutivo"
,"Scarallo Paolo",Amministratore
,"Giudici Paolo Stefano",Amministratore
,"Bruno Tolomei Frigerio Isabella",Amministratore
,"Naccarato Francesco",Amministratore
,"Leonardi Antonio Mario",Amministratore
,"Borroni Mariarosa",Amministratore
,"Pasqua Valter",Amministratore
,"Cogliati Gabriele",Amministratore
,"Martinelli Livia",Amministratore
,"Gritti Gionni",Amministratore
,"Colombo Michele",Amministratore
"CSP INTERNATIONAL FASHION GROUP SPA ","Bertoni Francesco","Presidente e Amministratore Delegato"
,"Bertoni Maria Grazia","Vice Presidente e Amministratore Delegato"
,"Bertoni Mario",Amministratore
,"Lercari Umberto Giulio",Amministratore
,"Bardini Giorgio",Amministratore
"CTI BIOPHARMA CORP ","Nudelman Phillip M",Presidente
,"Bianco James A","Amministratore Delegato"
,"Telling Frederick W",Amministratore
,"Singer Jack W",Amministratore
,"Mundinger Mary O",Amministratore
,"Love Richard L",Amministratore
,"Tuckson Reed V",Amministratore
"DADA SPA ","Beshara Karim Galal Guirgis",Presidente
,"Corbetta Claudio","Amministratore Delegato"
,"Antaki Fadi",Amministratore
,"Sursock Sophie",Amministratore
,"Adami Lami Barbara",Amministratore
,"Lepri Pollitzer De Pollenghi Lorenzo",Amministratore
,"Gianardi Carolina",Amministratore
,"Maroudia Sofia",Amministratore
,"Tohme Philip",Amministratore
,"Gamaleldin Mahmoud Soliman Elfaham Ragy",Amministratore
,"Bassem Youssef",Amministratore
,"Esclapon Cristiano",Amministratore
,"Mongardi Maurizio",Amministratore
"DAMIANI SPA ","Grassi Damiani Guido Roberto",Presidente
,"Grassi Damiani Silvia Maria","Vice Presidente"
,"Grassi Damiani Giorgio Andrea","Vice Presidente e Amministratore Delegato"
,"Garavaglia Elena Angela Luigia",Amministratore
,"Benaglia Roberta",Amministratore
,"Graidi Stefano",Amministratore
,"Malerba Giancarlo",Amministratore
"DANIELI SPA - OFFICINE MECCANICHE DANIELI & C. ","Benedetti Gianpietro","Presidente e Amministratore Delegato e Componente del Comitato Esecutivo"
,"De Colle Carla","Vice Presidente"
,"Alzetta Franco","Amministratore Delegato e Componente del Comitato Esecutivo"
,"Trivillin Alessandro",Amministratore
,"Brussi Alessandro","Amministratore e Componente del Comitato Esecutivo"
,"Mareschi Danieli Giacomo","Amministratore e Componente del Comitato Esecutivo"
,"Clerici Bagozzi Augusto",Amministratore
,"Mio Chiara",Amministratore
,"Benedetti Camilla",Amministratore
"DATALOGIC SPA ","Volta Romano","Presidente e Amministratore Delegato"
,"Aversa Carlo Achille",Amministratore
,"Volta Filippo Maria",Amministratore
,"Mazzalveri Gaia",Amministratore
,"Todescato Pietro",Amministratore
,"Volta Valentina",Amministratore
,"Di Stefano Luigi",Amministratore
,"Caruso Pier Paolo",Amministratore
"DAVIDE CAMPARI - MILANO SPA ","Garavoglia Luca",Presidente
,"Marchesini Paolo","Amministratore Delegato"
,"Saccardi Stefano","Amministratore Delegato"
,"Kunze Concewitz Robert","Amministratore Delegato"
,"Barcellona Eugenio",Amministratore
,"Ingelfinger Thomas Stefan",Amministratore
,"Guerra Karen Jane",Amministratore
,"Cionini Visani Camilla",Amministratore
,"Perelli Cippo Pasquale Marco",Amministratore
"DEA CAPITAL SPA ","Pellicioli Lorenzo",Presidente
,"Ceretti Paolo","Amministratore Delegato"
,"Salvemini Severino",Amministratore
,"Busso Donatella",Amministratore
,"Drago Roberto",Amministratore
,"Benassi Lino",Amministratore
,"Drago Marco",Amministratore
,"Golfetto Francesca",Amministratore
,"Bifulco Rosario",Amministratore
,"Boroli Marco",Amministratore
"DELCLIMA SPA ","Tazunoki Yasumichi",Presidente
,"Grossi Carlo","Vice Presidente"
,"Guidi Domenico",Amministratore
,"Tagliavini Paola Annunziata",Amministratore
,"Garavaglia Carlo",Amministratore
,"Araki Yoshiomi",Amministratore
,"Wada Yukako",Amministratore
"DE LONGHI SPA ","De' Longhi Giuseppe",Presidente
,"De' Longhi Fabio","Vice Presidente e Amministratore Delegato"
,"Corrada Renato",Amministratore
,"Pagni Maria Cristina",Amministratore
,"De Longhi Silvia",Amministratore
,"Clo' Alberto",Amministratore
,"Sartori Silvio",Amministratore
,"Petruccioli Stefania",Amministratore
,"Garavaglia Carlo",Amministratore
,"Sandri Giorgio",Amministratore
"DIASORIN SPA ","Denegri Gustavo",Presidente
,"Denegri Michele","Vice Presidente"
,"Rosa Carlo","Amministratore Delegato"
,"Garibaldi Ezio",Amministratore
,"Amo Enrico Mario",Amministratore
,"Even Chen Menachem",Amministratore
,"Moscetti Franco",Amministratore
,"Alessandria Giuseppe",Amministratore
,"Altara Stefano",Amministratore
,"Boniolo Antonio",Amministratore
,"Landini Maria Paola",Amministratore
,"Somati Roberta",Amministratore
,"Desana Eva Raffaella",Amministratore
"DIGITAL BROS SPA ","Galante Abramo","Presidente e Amministratore Delegato"
,"Galante Raffaele","Amministratore Delegato"
,"Salbe Stefano Mario Guido",Amministratore
,"Florean Lidia",Amministratore
,"Treves Dario Italo",Amministratore
,"Morini Elena",Amministratore
,"Soresina Bruno",Amministratore
,"Guetta Giudo Ascer",Amministratore
,"Galante Davide",Amministratore
"DMAIL GROUP SPA ","Farina Vittorio",Presidente
,"Laurenzano Alessio","Amministratore Delegato"
,"Secco Francesca",Amministratore
,"Chelo Emanuela",Amministratore
,"Volpi Mario",Amministratore
,"Cardinale Annamaria",Amministratore
"EDISON SPA ","Lévy Jean-bernard",Presidente
,"Benayoun Marc","Amministratore Delegato"
,"Lescoeur Bruno","Amministratore Delegato"
,"Verdier Naves Nicole",Amministratore
,"Di Benedetto Paolo",Amministratore
,"Piquemal Thomas",Amministratore
,"Bigois Beatrice Marie",Amministratore
,"Gros Pietro Gian Maria",Amministratore
,"Esper Philippe",Amministratore
,"Tocci Nathalie",Amministratore
"EEMS ITALIA SPA ","Mutti Paolo Andrea","Presidente e Amministratore Delegato"
,"Mutti Marco Stefano",Amministratore
,"Pieri Luca",Amministratore
,"Carotti Nicoletta",Amministratore
,"Bontempo Roberta",Amministratore
"EI TOWERS SPA ","Giussani Alberto",Presidente
,"Barbieri Guido","Amministratore Delegato"
,"Gottardi Valter","Amministratore Delegato"
,"Sironi Francesco",Amministratore
,"Casali Paola",Amministratore
,"Lo Verso Rosa Maria",Amministratore
,"Cruciatti Manlio",Amministratore
,"Pirotta Michele",Amministratore
,"Invernizzi Piercarlo Maria",Amministratore
"EL.EN. SPA ","Clementi Gabriele",Presidente
,"Cangioli Andrea",Amministratore
,"Bazzocchi Barbara",Amministratore
,"Romagnoli Fabia",Amministratore
,"Legnaioli Michele",Amministratore
,"Pecci Alberto",Amministratore
"ELICA SPA ","Casoli Francesco","Presidente e Amministratore Delegato"
,"Pieralisi Gianna","Amministratore Delegato"
,"Perucchetti Giuseppe","Amministratore Delegato"
,"Pieralisi Gennaro",Amministratore
,"Catania Elio Cosimo",Amministratore
,"Da Ros Katia",Amministratore
,"Vita Enrico",Amministratore
,"Croff Davide",Amministratore
"EMAK SPA ","Bellamico Fausto","Presidente e Amministratore Delegato"
,"Burani Aimone","Vice Presidente"
,"Bartoli Ariello",Amministratore
,"Lanza Alessandra",Amministratore
,"Accorsi Ivano",Amministratore
,"Bartoli Luigi",Amministratore
,"Baldi Francesca",Amministratore
,"Ferrari Giuliano",Amministratore
,"Livatino Massimo",Amministratore
,"Becchi Paola",Amministratore
,"Zambelli Guerrino",Amministratore
,"Spaggiari Vilmo",Amministratore
,"Slanzi Stefano",Amministratore
"ENEL GREEN POWER SPA ","De Paoli Alberto Maria Giuseppe",Presidente
,"Venturini Francesco","Amministratore Delegato"
,"Napolitano Francesca Romana",Amministratore
,"Angelici Carlo",Amministratore
,"Malagnino Giovanni Pietro",Amministratore
,"Muratorio Paola",Amministratore
,"Lombardo Giovanni Battista",Amministratore
,"Anderlini Luca",Amministratore
,"Parodi Borgia Ludovica Maria Vittoria",Amministratore
,"Tarozzi Luciana",Amministratore
"ENEL SPA ","Grieco Maria Patrizia",Presidente
,"Starace Francesco","Amministratore Delegato"
,"Svelto Anna Chiara",Amministratore
,"Bianchi Alberto",Amministratore
,"Girdinio Paola",Amministratore
,"Antoniozzi Alfredo",Amministratore
,"Pera Alberto",Amministratore
,"Taraborrelli Angelo",Amministratore
,"Banchi Alessandro",Amministratore
"ENERVIT SPA ","Sorbini Alberto","Presidente e Amministratore Delegato"
,"Sorbini Giuseppe","Amministratore Delegato"
,"Capelli Carlo",Amministratore
,"Sorbini Maurizia Maria Giulia",Amministratore
,"Alessandri Erica",Amministratore
,"Cornelli Ciro Piero Giuseppe",Amministratore
,"Dorigo Roberto",Amministratore
,"Alessandri Nerio",Amministratore
,"Baldini Stefano",Amministratore
,"Cereda Maurizio",Amministratore
"ENGINEERING - INGEGNERIA INFORMATICA - SPA ","Cinaglia Michele",Presidente
,"Pandozy Paolo","Amministratore Delegato"
,"Zirener Joerg",Amministratore
,"De Nigro Alberto",Amministratore
,"Porfiri Massimo",Amministratore
,"Iorio Armando",Amministratore
,"Mari Giuliano",Amministratore
,"Schlesinger Dario",Amministratore
,"Egidi Gabriella",Amministratore
,"Menicucci Marilena",Amministratore
"ENI SPA ","Marcegaglia Emma",Presidente
,"Descalzi Claudio","Amministratore Delegato"
,"Gemma Andrea",Amministratore
,"Litvack Karina Audrey",Amministratore
,"Lorenzi Alessandro",Amministratore
,"Guindani Pietro Angelo",Amministratore
,"Pagani Fabrizio",Amministratore
,"Profumo Alessandro Stefano Maria",Amministratore
,"Moriani Diva",Amministratore
"ERG SPA ","Garrone Edoardo",Presidente
,"Mondini Giovanni","Vice Presidente"
,"Garrone Alessandro","Vice Presidente"
,"Bettonte Luca","Amministratore Delegato"
,"Costaguta Marco",Amministratore
,"Lanzoni Paolo Francesco",Amministratore
,"Caverni Mara Anna Rita",Amministratore
,"Belcredi Massimo",Amministratore
,"Chieffi Alessandro",Amministratore
,"Ferraris Luigi",Amministratore
,"Merlo Silvia",Amministratore
,"Cominelli Barbara",Amministratore
"ERGYCAPITAL SPA ","Cannatelli Vincenzo",Presidente
,"Tomassini Fabio",Amministratore
,"Moriani Diva",Amministratore
,"Losi Giancarlo",Amministratore
,"Dubini Nicolo'",Amministratore
"ESPRINET SPA ","Monti Francesco",Presidente
,"Rota Maurizio","Vice Presidente e Amministratore Delegato"
,"Cattani Alessandro","Amministratore Delegato"
,"Galbusera Cristina",Amministratore
,"Cavaliere Andrea",Amministratore
,"Casari Valerio",Amministratore
,"Stefanelli Matteo",Amministratore
,"Monti Marco",Amministratore
,"Mauri Chiara",Amministratore
,"Prandelli Emanuela",Amministratore
,"Massari Mario",Amministratore
,"Stefanelli Tommaso",Amministratore
"EUKEDOS SPA ","Iuculano Carlo","Presidente e Amministratore Delegato"
,"Romagnoli Stefano","Amministratore Delegato"
,"Palazzoli Simona","Amministratore Delegato"
,"Nenci Romina Simona",Amministratore
,"Di Lorenzo Marco",Amministratore
,"Iuculano Antonino",Amministratore
,"Del Vecchio Giovanni",Amministratore
,"Turconi Sonia",Amministratore
"EUROTECH SPA ","Siagri Roberto",Presidente
,"Barazza Sandro",Amministratore
,"Antonello Giulio",Amministratore
,"Mio Chiara",Amministratore
,"Paladin Dino",Amministratore
,"Panizzardi Giuseppe",Amministratore
,"Bonomo Paola",Amministratore
,"Costacurta Riccardo",Amministratore
"EXOR SPA ","Elkann John Philip","Presidente e Amministratore Delegato"
,"Marchionne Sergio","Vice Presidente"
,"Nasi Alessandro","Vice Presidente"
,"Avogadro Di Collobiano Vittorio",Amministratore
,"Volpi Michelangelo",Amministratore
,"Rattazzi Lupo",Amministratore
,"Chiura Giovanni",Amministratore
,"Mota De Sousa Horta Osorio Antonio",Amministratore
,"Elkann Ginevra",Amministratore
,"Speyer Robert",Amministratore
,"Fentener Van Vlissingen Anne Marianne",Amministratore
,"Whertheimer Ruth",Amministratore
,"Agnelli Andrea",Amministratore
,"Lee Jae Yong",Amministratore
,"Gerowin Mina",Amministratore
"EXPRIVIA SPA ","Favuzzi Domenico","Presidente e Amministratore Delegato"
,"Altomare Dante","Vice Presidente"
,"Savelli Valeria Anna",Amministratore
,"Daloiso Rosa",Amministratore
,"Laterza Alessandro",Amministratore
,"Forneris Marco",Amministratore
,"Bergantino Angela Stefania",Amministratore
,"Ferrario Mario",Amministratore
,"Albino Vito",Amministratore
,"Viesti Gianfranco",Amministratore
"FALCK RENEWABLES SPA ","Falck Enrico Ottaviano","Presidente e Componente del Comitato Esecutivo"
,"Corbetta Guido Giuseppe","Vice Presidente e Componente del Comitato Esecutivo"
,"Cremona Emilio",Amministratore
,"Marchi Filippo Claudio Neil",Amministratore
,"Poggiali Barbara",Amministratore
,"Caldera Elisabetta",Amministratore
,"Rucellai Bernardo",Amministratore
,"Falck Elisabetta",Amministratore
,"Falck Federico","Amministratore e Componente del Comitato Esecutivo"
,"Milone Libero",Amministratore
"FIDIA SPA ","Morfino Giuseppe","Presidente e Amministratore Delegato"
,"Maidagan Carlos","Vice Presidente"
,"Azzolin Luigino",Amministratore
,"Giovando Guido",Amministratore
,"Zanetti Mariachiara",Amministratore
,"Ferrero Anna",Amministratore
,"Profumo Francesco",Amministratore
"FIERA MILANO SPA ","Rettani Roberto",Presidente
,"Fontana Attilio","Vice Presidente"
,"Ronzulli Licia","Vice Presidente"
,"Peraboni Corrado Arturo","Amministratore Delegato"
,"Bigio Joyce Victoria",Amministratore
,"Borghi Renato",Amministratore
,"Chevallard Pier Andrea Paolo Edoardo",Amministratore
,"Robiglio Romeo",Amministratore
,"Rutigliano Vincenza Patrizia",Amministratore
"F.I.L.A. FABBRICA ITALIANA LAPIS ED AFFINI SPA ","Mion Gianni",Presidente
,"Candela Massimo","Amministratore Delegato"
,"Zucchetti Fabio",Amministratore
,"Ravagli Sergio",Amministratore
,"Caccia Dominioni Gerolamo",Amministratore
,"Pelosin Luca",Amministratore
,"Prandstraller Francesca",Amministratore
,"Barbera Annalisa",Amministratore
,"Candela Alberto",Amministratore
"FINCANTIERI SPA ","Petrone Vincenzo",Presidente
,"Bono Giuseppe","Amministratore Delegato"
,"Molinotti Anna",Amministratore
,"Cesare Massimiliano",Amministratore
,"Anichini Simone",Amministratore
,"Santarelli Paola",Amministratore
,"Pattofatto Leone",Amministratore
,"Scudieri Paolo",Amministratore
"FINECOBANK BANCA FINECO SPA ","Cotta Ramusino Enrico",Presidente
,"Saita Francesco","Vice Presidente"
,"Foti Alessandro Marco","Amministratore Delegato"
,"Guindani Pietro Angelo",Amministratore
,"Bertolli Gianluigi",Amministratore
,"Grosoli Mariangela",Amministratore
,"Penna Laura Stefania",Amministratore
,"Natale Marina",Amministratore
,"Ielo Girolamo",Amministratore
"FNM SPA ","Gibelli Andrea Angelo",Presidente
,"Arnoldi Gianantonio Battista","Vice Presidente"
,"Garavaglia Fabrizio","Vice Presidente"
,"Pisanti Elinora",Amministratore
,"Soprano Vincenzo",Amministratore
"FULLSIX SPA ","Benatti Marco","Presidente e Componente del Comitato Esecutivo"
,"Meani Francesco Antonio","Amministratore Delegato e Componente del Comitato Esecutivo"
,"Montanari Werther",Amministratore
,"Marcarini Michaela",Amministratore
,"Pagani Guazzugli Bonaiuti Massimo",Amministratore
,"Pierri Paola",Amministratore
,"Marzolla Geraldina",Amministratore
"GABETTI PROPERTY SOLUTIONS SPA ","Prete Fabrizio",Presidente
,"Busso Roberto","Amministratore Delegato"
,"Longhini Patrizia",Amministratore
,"Marcegaglia Emma",Amministratore
,"Marcegaglia Antonio",Amministratore
,"Papa Franco Carlo",Amministratore
"GAS PLUS SPA ","Usberti Davide","Presidente e Amministratore Delegato"
,"Laforgia Domenico",Amministratore
,"Gilioli Lino",Amministratore
,"Biase Nicola",Amministratore
,"Pistorelli Roberto",Amministratore
,"Triunfo Cinzia",Amministratore
,"Varisco Anna Maria",Amministratore
,"Olrandi Lisa",Amministratore
"GEFRAN SPA ","Franceschetti Ennio",Presidente
,"Gallus Romano","Vice Presidente"
,"Franceschetti Maria Chiara","Amministratore Delegato"
,"Piccolo Daniele",Amministratore
,"Agliati Marco Mario",Amministratore
,"Franceschetti Andrea",Amministratore
,"Franceschetti Giovanna",Amministratore
,"Vecchiati Monica",Amministratore
,"Vecchio Cesare Giovanni",Amministratore
"GEOX SPA ","Polegato Moretti Mario","Presidente e Componente del Comitato Esecutivo"
,"Polegato Moretti Enrico","Vice Presidente e Componente del Comitato Esecutivo"
,"Presca Giorgio","Amministratore Delegato e Componente del Comitato Esecutivo"
,"Niederauer Duncan",Amministratore
,"Giusti Alessandro Antonio",Amministratore
,"Berger Roland",Amministratore
,"Livolsi Lara",Amministratore
,"Baggio Claudia",Amministratore
,"Colombo Fabrizio Natale Pietro",Amministratore
"GIORGIO FEDON & FIGLI SPA ","Fedon Callisto","Presidente e Amministratore Delegato"
,"Da Col Angelo",Amministratore
,"Andreetta Franco",Amministratore
,"Fedon Italo",Amministratore
,"Fedon Piergiorgio",Amministratore
,"Fullin Stefania",Amministratore
,"Fedon Flora",Amministratore
"GRUPPO CERAMICHE RICCHETTI SPA ","Zannoni Andrea",Presidente
,"Lodetti Andrea","Amministratore Delegato"
,"Zannoni Anna",Amministratore
,"De Marchi Davide",Amministratore
,"Catelani Annalisa",Amministratore
,"Vantaggi Franco",Amministratore
"GRUPPO EDITORIALE L'ESPRESSO SPA ","De Benedetti Carlo",Presidente
,"Mondardini Monica","Amministratore Delegato"
,"Belcredi Massimo",Amministratore
,"Clo' Alberto",Amministratore
,"Oliveri Elisabetta",Amministratore
,"De Benedetti Rodolfo",Amministratore
,"Brugiavini Agar",Amministratore
,"Dini Francesco",Amministratore
,"Merlo Silvia",Amministratore
,"Zaoui Michael",Amministratore
,"Paravicini Crespi Luca Paolo Maria",Amministratore
"GRUPPO MUTUIONLINE SPA ","Pescarmona Marco","Presidente e Componente del Comitato Esecutivo"
,"Fracassi Alessandro","Amministratore Delegato e Componente del Comitato Esecutivo"
,"Ferrero Daniele",Amministratore
,"Zampetti Marco Bernardino Maria",Amministratore
,"De Brabant Matteo Carlo",Amministratore
,"Boni Fausto",Amministratore
,"Burberi Chiara Damiana Maria",Amministratore
,"Lattuada Valeria",Amministratore
,"Gummerer Klaus",Amministratore
,"Artoni Anna Maria",Amministratore
,"Casalini Andrea",Amministratore
,"Garrone Alessandro",Amministratore
"GRUPPO WASTE ITALIA SPA ","Colucci Pietro","Presidente e Amministratore Delegato"
,"Fiorentino Marco","Vice Presidente"
,"Bozzetti Giovanni","Vice Presidente"
,"Sanseverino Francesca",Amministratore
,"Verderio Valerio",Amministratore
,"Esercizio Edoardo",Amministratore
,"Fornasiero Alessandra",Amministratore
"HERA SPA (HOLDING ENERGIA RISORSE AMBIENTE) ","Tommasi Di Vignano Tomaso","Presidente e Componente del Comitato Esecutivo"
,"Basile Giovanni","Vice Presidente e Componente del Comitato Esecutivo"
,"Venier Stefano","Amministratore Delegato e Componente del Comitato Esecutivo"
,"Manara Stefano",Amministratore
,"Manfredi Danilo",Amministratore
,"Illy Riccardo","Amministratore e Componente del Comitato Esecutivo"
,"Pillon Cesare",Amministratore
,"Tani Bruno",Amministratore
,"Primori Tiziana",Amministratore
,"Gagliardi Giorgia",Amministratore
,"Clo' Forte",Amministratore
,"Mandrioli Luca",Amministratore
,"Bernardini Mara",Amministratore
,"Giusti Massimo",Amministratore
"IGD IMMOBILIARE GRANDE DISTRIBUZIONE SIIQ SPA ","Coffari Gilberto",Presidente
,"Pellegrini Fernando","Vice Presidente"
,"Albertini Claudio","Amministratore Delegato"
,"Canosani Aristide",Amministratore
,"Salvini Livia",Amministratore
,"Saoncella Rossella",Amministratore
,"Parenti Andrea",Amministratore
,"Gualandri Elisabetta",Amministratore
,"Caporioni Leonardo",Amministratore
,"Gasperoni Elio",Amministratore
,"Lentz Matthew David",Amministratore
,"Carletti Milva",Amministratore
"I GRANDI VIAGGI SPA ","Clementi Luigi",Presidente
,"Borletti Giovanni","Vice Presidente"
,"Clementi Paolo Massimo",Amministratore
,"Prete Fabrizio",Amministratore
,"Ghio Antonio",Amministratore
,"Clementi Corinne",Amministratore
,"Amata Tina Marcella",Amministratore
,"Bassetti Aldo",Amministratore
,"Alpeggiani Giorgio",Amministratore
"IL SOLE 24 ORE SPA ","Benedini Benito",Presidente
,"Treu Donatella","Amministratore Delegato"
,"Panucci Marcella",Amministratore
,"Abete Luigi",Amministratore
,"Chiesi Alberto",Amministratore
,"Ticozzi Valerio Carlo",Amministratore
,"Puccioni Cesare",Amministratore
,"Spada Alessandro",Amministratore
,"Colaiacovo Maria Carmela",Amministratore
,"Dubini Nicolo'",Amministratore
,"Bulgheroni Antonio",Amministratore
"I.M.A. INDUSTRIA MACCHINE AUTOMATICHE SPA ","Vacchi Marco","Presidente onorario e Amministratore"
,"Vacchi Alberto","Presidente e Amministratore Delegato"
,"Cataudella Stefano",Amministratore
,"Frugoni Paolo",Amministratore
,"Rolli Rita",Amministratore
,"Riello Pierantonio",Amministratore
,"Poggi Luca",Amministratore
,"Volta Valentina",Amministratore
,"Malagoli Andrea",Amministratore
,"Pecchioli Giovanni",Amministratore
,"Schiavina Maria Carla",Amministratore
,"Vacchi Gianluca",Amministratore
,"Galliani Marco",Amministratore
"IMMSI SPA ","Colaninno Roberto",Presidente
,"Discepolo Daniele","Vice Presidente"
,"Colaninno Michele","Amministratore Delegato"
,"Magnoni Ruggero",Amministratore
,"Ciccone Rita",Amministratore
,"Sala Giovanni",Amministratore
,"Corghi Livio",Amministratore
,"De Pasquale Patrizia",Amministratore
,"Colaninno Matteo",Amministratore
"INDUSTRIA E INNOVAZIONE SPA ","Garofano Giuseppe Maria",Presidente
,"Conti Emanuela Maria","Amministratore Delegato"
,"Visentin Graziano Gianmichele",Amministratore
,"Colleoni Gastone",Amministratore
,"Battistin Roberta",Amministratore
"INFRASTRUTTURE WIRELESS ITALIANE S.P.A. ","Profumo Francesco",Presidente
,"Cicchetti Oscar","Amministratore Delegato"
,"Iacozzilli Venanzio",Amministratore
,"Foti Alessandro Robin",Amministratore
,"Petralia Francesca",Amministratore
,"Schwizer Paola Gina Maria",Amministratore
,"Colacchia Elisabetta",Amministratore
,"Finocchi Mahne Cristina",Amministratore
,"Peluso Piergiorgio",Amministratore
,"Ceppellini Primo",Amministratore
,"Bruno Paola",Amministratore
"INTEK GROUP SPA ","Manes Vincenzo",Presidente
,"Moriani Diva","Vice Presidente"
,"Spalla Franco",Amministratore
,"Lignana Giuseppe",Amministratore
,"Bragantini Salvatore",Amministratore
,"Pizzuti Alessandra",Amministratore
,"Gallo Marcello",Amministratore
,"Ricciardi Luca",Amministratore
,"Macdonald James",Amministratore
"INTERPUMP GROUP SPA ","Montipo' Fulvio","Presidente e Amministratore Delegato"
,"Marinsek Paolo","Vice Presidente e Amministratore Delegato"
,"Garilli Franco",Amministratore
,"Mocchi Giancarlo",Amministratore
,"Margotto Marcello",Amministratore
,"Ferrero Giuseppe",Amministratore
,"Tamburi Giovanni",Amministratore
,"Petruccioli Stefania",Amministratore
,"Tagliavini Paola Annunziata",Amministratore
"INTESA SANPAOLO SPA ","Gros Pietro Gian Maria",Presidente
,"Costa Giovanni","Vice Presidente"
,"Sala Marcello","Vice Presidente"
,"Messina Carlo","Consigliere di Gestione Delegato"
,"Picca Bruno","Consigliere di Gestione"
,"Filippi Piera","Consigliere di Gestione"
,"Del Punta Stefano","Consigliere di Gestione"
,"Micciche' Gaetano","Consigliere di Gestione"
"INVESTIMENTI E SVILUPPO SPA ","Gadolla Gianfranco",Presidente
,"Gadolla Umberto","Amministratore Delegato"
,"Tempofosco Andrea","Amministratore Delegato"
,"Caruso Gabriella",Amministratore
,"Dozio Elena",Amministratore
,"Antonj Enrico",Amministratore
"IRCE SPA - INDUSTRIA ROMAGNOLA CONDUTTORI ELETTRICI ","Casadio Filippo",Presidente
,"Dallago Orfeo",Amministratore
,"Sepriano Gianfranco",Amministratore
,"Gandolfi Francesco",Amministratore
,"Pischedda Francesca",Amministratore
"IREN SPA ","Profumo Francesco",Presidente
,"Rocchi Ettore","Vice Presidente"
,"Bianco Vito Massimiliano","Amministratore Delegato"
,"Mascardi Fabiola",Amministratore
,"Dealessandri Tommaso",Amministratore
,"Zanardi Barbara",Amministratore
,"Buscaglia Augusto",Amministratore
,"Amato Franco",Amministratore
,"Bazzano Roberto",Amministratore
,"Ferrero Anna",Amministratore
,"Ferretti Moris",Amministratore
,"Ghibellini Alessandro",Amministratore
,"Bagnacani Lorenzo",Amministratore
"ISAGRO SPA ","Basile Giorgio","Presidente e Amministratore Delegato"
,"Basile Maurizio","Vice Presidente"
,"Sartor Adriana Silvia",Amministratore
,"Mainini Daniela",Amministratore
,"Sionis Stavros",Amministratore
,"Basile Riccardo",Amministratore
,"Franco Gianni",Amministratore
,"Economou Christina",Amministratore
"ITALCEMENTI SPA FABBRICHE RIUNITE CEMENTO ","Pesenti Giampiero","Presidente e Componente del Comitato Esecutivo"
,"Guerini Lorenzo Renato","Vice Presidente e Componente del Comitato Esecutivo"
,"Barabani Pierfranco","Vice Presidente e Componente del Comitato Esecutivo"
,"Pesenti Carlo","Amministratore Delegato e Componente del Comitato Esecutivo"
,"Marcegaglia Emma",Amministratore
,"Secchi Carlo",Amministratore
,"Mazzoleni Sebastiano",Amministratore
,"Jacquin De Margerie Victoire Anne Marie Célie",Amministratore
,"Burkard Fritz Hannes Kaspar",Amministratore
,"Meric Jean Paul","Amministratore e Componente del Comitato Esecutivo"
,"Rossi Claudia",Amministratore
,"Falck Federico","Amministratore e Componente del Comitato Esecutivo"
,"Antonello Giulio",Amministratore
,"Lucchini Italo",Amministratore
,"Bonomi Giorgio",Amministratore
"ITALIAONLINE SPA ","Galal Guirguis Bishara Khaled",Presidente
,"Eckert David Alan","Vice Presidente"
,"Converti Antonio","Amministratore Delegato"
,"Sawiris Onsi Naguib",Amministratore
,"Sursock Sophie",Amministratore
,"Sciolla Corrado",Amministratore
,"Finocchi Mahne Cristina",Amministratore
,"Cosenz Antonia",Amministratore
,"Cappello Maria Elena",Amministratore
"ITALMOBILIARE SPA ","Pesenti Giampiero","Presidente e Componente del Comitato Esecutivo"
,"Lucchini Italo","Vice Presidente e Componente del Comitato Esecutivo"
,"Pesenti Carlo","Amministratore Delegato e Componente del Comitato Esecutivo"
,"Rebecchini Clemente",Amministratore
,"Osculati Gianemilio Angelo",Amministratore
,"Mazzoleni Sebastiano",Amministratore
,"Dittmeier Carolyn Adele",Amministratore
,"Minoli Luca Massimo Fabio",Amministratore
,"Strazzera Livio","Amministratore e Componente del Comitato Esecutivo"
,"Sfameni Paolo Domenico",Amministratore
,"Artoni Anna Maria",Amministratore
,"Bonomi Giorgio",Amministratore
,"Zanetti Laura","Amministratore e Componente del Comitato Esecutivo"
,"Tononi Massimo",Amministratore
"ITWAY SPA ","Farina Giovanni Andrea","Presidente e Amministratore Delegato"
,"Valenti Cesare","Amministratore Delegato"
,"Parrello Giuseppe Angelo",Amministratore
,"Palella Claudia",Amministratore
,"Brusa Gabriele",Amministratore
"JUVENTUS FOOTBALL CLUB SPA ","Agnelli Andrea",Presidente
,"Nedved Pavel","Vice Presidente"
,"Marotta Giuseppe","Amministratore Delegato"
,"Mazzia Aldo","Amministratore Delegato"
,"Hughes Caitlin Mary",Amministratore
,"Marilungo Daniela",Amministratore
,"Roncaglio Francesco",Amministratore
,"Grazioli Venier Assia",Amministratore
,"Arrivabene Maurizio",Amministratore
,"Garimberti Paolo",Amministratore
,"Bongiorno Giulia",Amministratore
,"Vellano Enrico",Amministratore
"K.R.ENERGY SPA ","Umansky Serge","Presidente e Componente del Comitato Esecutivo"
,"Vicino Giovanni","Vice Presidente e Componente del Comitato Esecutivo"
,"Bruno Antonio","Amministratore Delegato e Componente del Comitato Esecutivo"
,"Butler Cassar Andrew",Amministratore
,"Canonica Moreno Carlo Giuseppe",Amministratore
,"Tedeschi Gaetano",Amministratore
,"Umansky Irene",Amministratore
,"Stracquadanio Tiziana",Amministratore
,"Perazzoli Isabella","Amministratore e Componente del Comitato Esecutivo"
"LA DORIA SPA ","Persico Sergio",Presidente
,"Sampietro Giorgio","Vice Presidente"
,"Ferraioli Antonio","Amministratore Delegato"
,"David Elena",Amministratore
,"Lamberti Enzo Diodato",Amministratore
,"Preda Michele",Amministratore
,"Ferraioli Iolanda",Amministratore
,"Ferraioli Andrea",Amministratore
"LANDI RENZO SPA ","Domenichini Giovannina","Presidente onorario e Amministratore"
,"Landi Stefano","Presidente e Amministratore Delegato"
,"Fiaccadori Antonia",Amministratore
,"Ovi Alessandro",Amministratore
,"Carnevale Claudio",Amministratore
,"Tommasi Di Vignano Tomaso",Amministratore
,"Paierl Herbert",Amministratore
"LEONARDO - FINMECCANICA - SOCIETA' PER AZIONI ","De Gennaro Giovanni",Presidente
,"Moretti Mauro","Amministratore Delegato"
,"Rubini Marina",Amministratore
,"Dassu' Marta",Amministratore
,"Alpa Piero Guido",Amministratore
,"Calderone Marina Elvira",Amministratore
,"Frigerio Dario",Amministratore
,"Landi Fabrizio",Amministratore
,"Merlo Silvia",Amministratore
,"Cantarella Paolo",Amministratore
,"De Nicola Alessandro Alfonso Angelo",Amministratore
"LUXOTTICA GROUP SPA ","Del Vecchio Leonardo",Presidente
,"Francavilla Luigi","Vice Presidente"
,"Mehboob Khan Adil","Amministratore Delegato"
,"Vian Massimo","Amministratore Delegato"
,"Brogi Marina",Amministratore
,"Notari Mario",Amministratore
,"Feola Luigi",Amministratore
,"Salzburger Karl Heinz",Amministratore
,"Pierdicchi Maria",Amministratore
,"Scocchia Cristina",Amministratore
,"Zappia Andrea",Amministratore
,"Santel Luciano",Amministratore
,"Magistretti Elisabetta",Amministratore
,"Veronesi Sandro",Amministratore
"LVENTURE GROUP SPA ","Pighini Stefano",Presidente
,"Capello Luigi","Vice Presidente e Amministratore Delegato"
,"Amidani Aliberti Livia",Amministratore
,"Magnifico Roberto",Amministratore
,"Caracciolo Valerio",Amministratore
,"Rigo Micol",Amministratore
,"Mosconi Maria Luisa",Amministratore
"MAIRE TECNIMONT SPA ","Di Amato Fabrizio",Presidente
,"Folgiero Pierroberto","Amministratore Delegato"
,"Giustiniani Vittoria",Amministratore
,"Riva Patrizia Lucia Maria",Amministratore
,"Alfieri Luigi",Amministratore
,"Fiorini Stefano",Amministratore
,"Pellegrini Andrea Giovanni Francesco",Amministratore
,"Dubini Nicolo'",Amministratore
,"Chersicla Gabriella",Amministratore
"MARR SPA ","Ferrari Paolo",Presidente
,"Aratri Illias","Vice Presidente"
,"Ospitali Francesco","Amministratore Delegato"
,"Rossi Pierpaolo","Amministratore Delegato"
,"Boldrini Giosue'",Amministratore
,"Tiso Antonio",Amministratore
,"Monterumisi Marinella",Amministratore
,"Lusignani Giuseppe",Amministratore
,"Serra Lucia",Amministratore
,"Cremonini Claudia",Amministratore
,"Cremonini Vincenzo",Amministratore
"MASSIMO ZANETTI BEVERAGE GROUP S.P.A. ","Zanetti Massimo","Presidente e Amministratore Delegato"
,"Tentori Roberto",Amministratore
,"Quier Lawrence Lester",Amministratore
,"Arbona Maria Pilar",Amministratore
,"Pinto Dos Santos Josè Fernando",Amministratore
,"Tonelli Annapaola",Amministratore
,"Zanetti Laura",Amministratore
,"Mambelli Massimo",Amministratore
,"Zanetti Matteo",Amministratore
"M&C SPA ","De Benedetti Carlo","Presidente onorario"
,"Girard Franco Roberto",Presidente
,"Bosio Emanuele","Amministratore Delegato"
,"Vaciago Marina",Amministratore
,"Mascheroni Orazio",Amministratore
,"Pauly Francois",Amministratore
"MEDIACONTECH SPA ","Spada Roberto",Presidente
,"Moro Paolo","Amministratore Delegato"
,"Ghelfi Tommaso",Amministratore
,"Lamanna Valentina",Amministratore
,"Venerosi Pesciolini Ranieri",Amministratore
,"Gavirati Alessandra Ida",Amministratore
,"Marino Gloria Francesca",Amministratore
"MEDIASET SPA ","Confalonieri Fedele","Presidente e Componente del Comitato Esecutivo"
,"Berlusconi Piersilvio","Vice Presidente e Amministratore Delegato e Componente del Comitato Esecutivo"
,"Secchi Carlo",Amministratore
,"Ternau Vanda",Amministratore
,"Nieri Gina","Amministratore e Componente del Comitato Esecutivo"
,"Sala Stefano Guido",Amministratore
,"Napolitano Fernando",Amministratore
,"Piccinino Alessandra",Amministratore
,"Crippa Mauro",Amministratore
,"Berlusconi Marina Elvira",Amministratore
,"Querci Niccolo'",Amministratore
,"Perini Michele",Amministratore
,"Cannatelli Pasquale",Amministratore
,"Ermolli Bruno",Amministratore
,"Bruni Franco",Amministratore
,"Giordani Marco Angelo","Amministratore e Componente del Comitato Esecutivo"
,"Adreani Giuliano","Amministratore e Componente del Comitato Esecutivo"
"MEDIOBANCA - BANCA DI CREDITO FINANZIARIO SPA ","Pagliaro Renato","Presidente e Componente del Comitato Esecutivo"
,"Angelo Comneno Maurizia","Vice Presidente e Componente del Comitato Esecutivo"
,"Tronchetti Provera Marco","Vice Presidente"
,"Nagel Alberto","Amministratore Delegato e Componente del Comitato Esecutivo"
,"Bollorè Marie",Amministratore
,"Benetton Gilberto",Amministratore
,"Sichel Gian Luca","Amministratore e Componente del Comitato Esecutivo"
,"Young Alexandra Virginia","Amministratore e Componente del Comitato Esecutivo"
,"Laberenne Vanessa",Amministratore
,"Decio Alessandro Maria",Amministratore
,"Caso' Angelo","Amministratore e Componente del Comitato Esecutivo"
,"Carfagna Maurizio",Amministratore
,"Bini Mauro",Amministratore
,"Pecci Alberto",Amministratore
,"Magistretti Elisabetta",Amministratore
,"Ben Ammar Tarak",Amministratore
,"Costa Maurizio",Amministratore
,"Vinci Francesco Saverio","Amministratore e Componente del Comitato Esecutivo"
"MERIDIE SPA ","Lettieri Giovanni","Presidente e Amministratore Delegato"
,"Lettieri Annalaura",Amministratore
,"Capizzi Vincenzo",Amministratore
,"Salvatore Esposito De Falco",Amministratore
,"Artioli Ettore",Amministratore
"MID INDUSTRY CAPITAL SPA ","Spongano Mario Raffaele","Presidente e Amministratore Delegato"
,"Bucci Stefano","Vice Presidente"
,"Mor Federica",Amministratore
,"Rossetti Mario",Amministratore
,"Cartolano Francesco",Amministratore
,"Cocco Laura Maria",Amministratore
"MITTEL SPA ","Dalla Sega Franco",Presidente
,"Franceschi Giorgio","Vice Presidente"
,"Bifulco Rosario","Amministratore Delegato"
,"Zeme Michela",Amministratore
,"Regoli Duccio",Amministratore
,"Bruno Maria Vittora",Amministratore
,"Sora Carla",Amministratore
,"Colacicco Marco Giovanni",Amministratore
,"Merler Marco",Amministratore
,"Iori Michele",Amministratore
,"Pasini Giuseppe",Amministratore
"MOLECULAR MEDICINE SPA ","Bordignon Claudio",Presidente
,"Palmisano Riccardo","Amministratore Delegato"
,"Masciocchi Mario",Amministratore
,"Islam Khalid",Amministratore
,"Trono Didier Pierre-michel Marie",Amministratore
,"Grossi Sabina",Amministratore
,"Messina Alfredo",Amministratore
,"Fiorendi Gianluigi",Amministratore
,"Carletti Alberto",Amministratore
,"Masolo Monica",Amministratore
,"Ruggiero Raffaella",Amministratore
"MOLESKINE SPA ","Ariello Marco",Presidente
,"Berni Arrigo","Amministratore Delegato"
,"Sevin Philippe",Amministratore
,"Ben Naftali Orna",Amministratore
,"Raynaud Daniele",Amministratore
,"Zocco Giuseppe",Amministratore
,"Brunelli Fabio",Amministratore
,"Della Rosa Daniela",Amministratore
"MONCLER SPA ","Ruffini Remo","Presidente e Amministratore Delegato"
,"Morgon Virginie Sarah Sandrine","Vice Presidente"
,"Saviotti Pier Francesco",Amministratore
,"Galateri Di Genola E Suniglia Gabriele",Amministratore
,"Buongiovanni Sergio",Amministratore
,"De Benedetti Marco",Amministratore
,"Akriche Vivianne",Amministratore
,"Blanckaert Christian",Amministratore
,"Benetton Alessandro",Amministratore
,"Alessandri Nerio",Amministratore
,"Moriani Diva",Amministratore
"MONDO TV SPA ","Corradi Orlando",Presidente
,"Martinelli Marina",Amministratore
,"Marchetti Carlo",Amministratore
,"Corradi Matteo",Amministratore
,"Corradi Monica",Amministratore
,"Figliuzzi Francesco",Amministratore
"MONRIF SPA ","Riffeser Monti Andrea Leopoldo","Presidente e Amministratore Delegato"
,"Monti Riffeser Maria Luisa","Vice Presidente"
,"Ceccherini Andrea",Amministratore
,"Berretti Claudio",Amministratore
,"Giatti Giorgio",Amministratore
,"Riffeser Monti Matteo",Amministratore
,"Riffeser Monti Sara",Amministratore
,"Cefis Giorgio Camillo Marcello",Amministratore
"NICE SPA ","Buoro Lauro",Presidente
,"Griffa Roberto","Amministratore Delegato"
,"Iannuzzi Luciano",Amministratore
,"Banfi Emanuela Paola",Amministratore
,"Fedrigo Gian Paolo",Amministratore
,"Cimolai Denise",Amministratore
,"Bortuzzo Antonio",Amministratore
,"Zanutto Giorgio",Amministratore
,"Galberti Lorenzo",Amministratore
"NOEMALIFE SPA ","Serra Francesco","Presidente e Amministratore Delegato"
,"Maggioli Paolo","Vice Presidente e Amministratore Delegato"
,"Liverani Angelo","Vice Presidente"
,"Becca Marco",Amministratore
,"Serra Valentina",Amministratore
,"Bassi Maria Beatrice",Amministratore
,"Signifredi Cristina",Amministratore
,"Berretti Claudio",Amministratore
,"Corbani Andrea",Amministratore
,"Landi Stefano",Amministratore
,"Toth Paolo",Amministratore
"NOVA RE SPA ","Scarsi Pio Giovanni",Presidente
,"Pontiggia Anna Maria",Amministratore
,"Ragno Luigi",Amministratore
,"Caporale Antonio",Amministratore
,"Ceppi Anna Maria",Amministratore
,"Morelli Bruno",Amministratore
,"Palermo Massimiliano",Amministratore
"OLIDATA SPA IN LIQUIDAZIONE ","Tassi Riccardo",Presidente
,"Fornari Alessandro",Amministratore
,"Papasodero Nicola",Amministratore
,"Rossi Marinella",Amministratore
"OPENJOBMETIS SPA ","Vittorelli Marco",Presidente
,"Ghetti Stefano","Vice Presidente"
,"Rasizza Rosario","Amministratore Delegato"
,"Gambarini Paolo",Amministratore
,"Artali Mario",Amministratore
,"Picciau Alberto",Amministratore
,"Vittorelli Corrado",Amministratore
,"Potesta' Alessandro",Amministratore
,"Brivio Sforza Alberica",Amministratore
,"Franceschini Valentina",Amministratore
,"La Porta Biagio",Amministratore
"OVS SPA ","Stathopoulos Nichols",Presidente
,"Beraldo Stefano","Amministratore Delegato"
,"Ferraresi Stefano",Amministratore
,"Del Torchio Gabriele",Amministratore
,"Krogner Kornalik Heinz Jurgen",Amministratore
,"Losson Jerome Pierre",Amministratore
"PANARIAGROUP INDUSTRIE CERAMICHE SPA ","Mussini Emilio",Presidente
,"Mussini Giovanna","Vice Presidente"
,"Mussini Giuliano","Vice Presidente"
,"Mussini Paolo","Amministratore Delegato"
,"Pini Giuliano","Amministratore Delegato"
,"Palandri Enrico",Amministratore
,"Bonfiglioli Sonia",Amministratore
,"Tunioli Roberto",Amministratore
,"Onofri Paolo",Amministratore
"PARMALAT SPA ","Chersicla Gabriella",Presidente
,"Guerin Yvon","Amministratore Delegato"
,"Mosetti Umberto",Amministratore
,"Perotta Riccardo",Amministratore
,"Lazzati Paolo Francesco",Amministratore
,"Sala Antonio Lino",Amministratore
,"Gassenbach Patrice",Amministratore
,"Gualtieri Laura",Amministratore
"PIAGGIO & C. SPA ","Colaninno Roberto","Presidente e Amministratore Delegato"
,"Colaninno Matteo","Vice Presidente"
,"Carrozza Maria Chiara",Amministratore
,"Tesauro Giuseppe",Amministratore
,"Formica Andrea",Amministratore
,"Varvaro Vito",Amministratore
,"Visentin Graziano Gianmichele",Amministratore
,"Colaninno Michele",Amministratore
,"Savasi Federica",Amministratore
"PIERREL SPA ","Petrone Raffaele",Presidente
,"Cirino Pomicino Paolo","Vice Presidente"
,"Citaredo Fulvio","Amministratore Delegato"
,"Bifulco Maria Paola",Amministratore
,"Petrone Fernanda",Amministratore
,"Catuogno Tiziana",Amministratore
,"Fierro Mauro",Amministratore
"PININFARINA SPA ","Pininfarina Paolo",Presidente
,"Angori Silvio Pietro","Amministratore Delegato"
,"Garrone Edoardo",Amministratore
,"Guglielmetti Romina",Amministratore
,"Pavesio Carlo",Amministratore
,"Albertini Gianfranco",Amministratore
,"Parazzini Enrico",Amministratore
,"Mattioli Licia",Amministratore
,"Testore Roberto",Amministratore
"PIQUADRO SPA ","Palmieri Marco","Presidente e Amministratore Delegato"
,"Trotta Roberto",Amministratore
,"Piccioli Marcello",Amministratore
,"Gatti Anna",Amministratore
,"Palmieri Pierpaolo",Amministratore
,"Lorenzoni Gianni",Amministratore
,"Bonomo Paola",Amministratore
"PIRELLI & C. SPA ","Ren Jianxiin",Presidente
,"Tronchetti Provera Marco","Vice Presidente e Amministratore Delegato"
,"Goldberg Ze'ev",Amministratore
,"Roth Luigi Piergiuseppe Ferdinando",Amministratore
,"Pirelli Alberto",Amministratore
,"Soffientini Manuela",Amministratore
,"Tao Haisu",Amministratore
,"Pietrogrande Paolo",Amministratore
,"Zhang Junfang",Amministratore
,"Yang Xingqiang",Amministratore
,"Wang Dan",Amministratore
,"Sechin Igor",Amministratore
,"Kostin Andrey",Amministratore
,"Bai Xinping",Amministratore
,"Magistretti Elisabetta",Amministratore
"POLIGRAFICA S. FAUSTINO SPA ","Frigoli Alberto","Presidente e Amministratore Delegato"
,"Frigoli Emilio","Amministratore Delegato"
,"Frigoli Giuseppe","Amministratore Delegato"
,"Frigoli Elisa",Amministratore
,"Frigoli Francesco",Amministratore
,"Frigoli Maurizia",Amministratore
,"Carnevale Maffe' Carlo Alberto",Amministratore
,"Collalti Andrea",Amministratore
,"Piantoni Alberto",Amministratore
,"Frigoli Ilaria",Amministratore
,"Frigoli Giovanni",Amministratore
"POLIGRAFICI EDITORIALE SPA ","Monti Riffeser Maria Luisa",Presidente
,"Riffeser Monti Andrea Leopoldo","Vice Presidente e Amministratore Delegato"
,"Zanini Mariani Alessandro",Amministratore
,"Riffeser Monti Matteo",Amministratore
,"Cognigni Mario",Amministratore
,"Paniccia Massimo",Amministratore
,"Riffeser Monti Sara",Amministratore
,"Cefis Giorgio Camillo Marcello",Amministratore
"POSTE ITALIANE SPA ","Todini Luisa",Presidente
,"Caio Francesco","Amministratore Delegato"
,"Passerini Filippo",Amministratore
,"Fabri Elisabetta",Amministratore
,"Palmieri Chiara",Amministratore
,"Rao Roberto",Amministratore
,"Nicodano Umberto Carlo Maria",Amministratore
"PRELIOS SPA ","Bruno Giorgio Luca",Presidente
,"Iasi Sergio","Amministratore Delegato"
,"Cipriotti Rosa",Amministratore
,"Mangoni Andrea",Amministratore
,"Leone Valeria",Amministratore
,"Vender Giovanni Jody",Amministratore
,"Gilli Giovanni Angelo Carlo",Amministratore
,"Cartia D'asero Mirja",Amministratore
,"Sanguinetti Arturo",Amministratore
,"Mereghetti Davide",Amministratore
,"Artoni Anna Maria",Amministratore
"PREMUDA SPA ","Rosina Alcide Ezio",Presidente
,"Zara Stefano","Vice Presidente"
,"Rosina Stefano","Amministratore Delegato"
,"Gozzi Antonio",Amministratore
,"Zapponini Alessandro",Amministratore
,"Rosina Anna",Amministratore
,"Garibotto Alberto",Amministratore
,"Contri Fernanda",Amministratore
"PRIMA INDUSTRIE SPA ","Carbonato Gianfranco",Presidente
,"Basso Ezio Giovanni","Amministratore Delegato"
,"Peiretti Domenico","Amministratore Delegato"
,"Mauri Mario",Amministratore
,"Mansour Michael",Amministratore
,"Busso Donatella",Amministratore
,"D'isidoro Sandro",Amministratore
,"Mansour Rafic Youssef",Amministratore
,"Burberi Chiara Damiana Maria",Amministratore
,"Marchetti San Martino Di Muriaglio Enrico",Amministratore
"PRYSMIAN SPA ","Tononi Massimo",Presidente
,"Battista Valerio","Amministratore Delegato"
,"Mariani Maria Letizia",Amministratore
,"De Virgiliis Monica",Amministratore
,"Tamburi Giovanni",Amministratore
,"Romeo Fabio Ignazio",Amministratore
,"Capponi Alberto",Amministratore
,"Cappello Maria Elena",Amministratore
,"Facchini Pier Francesco",Amministratore
,"Battaini Massimo",Amministratore
,"De Conto Claudio",Amministratore
"RAI WAY SPA ","Rossotto Camillo",Presidente
,"Ciccotti Stefano","Amministratore Delegato"
,"De Nigro Alberto",Amministratore
,"Colasanti Fabio",Amministratore
,"Gatti Anna",Amministratore
,"Bigio Joyce Victoria",Amministratore
"RATTI SPA ","Ratti Donatella",Presidente
,"Favrin Antonio","Vice Presidente"
,"Tamborini Sergio","Amministratore Delegato"
,"Lazzati Carlo Cesare",Amministratore
,"Lazzarotto Giovanna",Amministratore
,"Favrin Federica",Amministratore
,"Favrin Davide",Amministratore
,"Dona' Dalle Rose Andrea Paolo Maria",Amministratore
,"Meacci Sergio",Amministratore
"RCS MEDIAGROUP SPA ","Romiti Cesare","Presidente onorario"
,"Costa Maurizio",Presidente
,"Cioli Laura","Amministratore Delegato"
,"Notari Mario",Amministratore
,"Cremisi Teresa",Amministratore
,"Frigerio Dario",Amministratore
,"Mockridge Thomas",Amministratore
,"Simontacchi Stefano",Amministratore
,"Colonna Paolo",Amministratore
,"Braggiotti Gerardo",Amministratore
"RECORDATI INDUSTRIA CHIMICA E FARMACEUTICA SPA ","Recordati Giovanni","Presidente e Amministratore Delegato"
,"Recordati Alberto","Vice Presidente"
,"Pedersoli Carlo",Amministratore
,"Squindo Fritz",Amministratore
,"Fresia Paolo",Amministratore
,"Vitale Marco",Amministratore
,"Recordati Andrea",Amministratore
,"Castelli Michaela",Amministratore
,"Garraffo Mario",Amministratore
,"Casiraghi Rosalba",Amministratore
"RENO DE MEDICI SPA ","Hall Robert",Presidente
,"Capuano Ignazio","Amministratore Delegato"
,"Guazzoni Laura",Amministratore
,"Rossi Matteo",Amministratore
,"Lamaire Laurent",Amministratore
"REPLY SPA ","Rizzante Mario","Presidente e Amministratore Delegato"
,"Rizzante Tatiana","Amministratore Delegato"
,"Pepino Oscar",Amministratore
,"Angelucci Daniele",Amministratore
,"Rizzante Filippo",Amministratore
,"Forti Fausto",Amministratore
,"Jaccheri Maria Letizia",Amministratore
,"Bombonato Claudio",Amministratore
,"Macii Enrico",Amministratore
"RETELIT SPA ","Pardi Dario",Presidente
,"Protto Federico Silvano Mario","Amministratore Delegato"
,"Bravi Valentino",Amministratore
,"Borghi Stefano",Amministratore
,"Sora Carla",Amministratore
,"Guazzoni Laura",Amministratore
,"Locatelli Nicolo'",Amministratore
,"Rovizzi Laura",Amministratore
,"Magnotti Annunziata",Amministratore
"RISANAMENTO SPA ","Calabi Claudio","Presidente e Amministratore Delegato"
,"Scotti Giancarlo",Amministratore
,"Scardovi Claudio",Amministratore
,"Papa Franco Carlo",Amministratore
,"Pusterla Giulia",Amministratore
"ROSSS SPA ","Bettini Stefano","Presidente e Amministratore Delegato"
,"Bettini Silvano","Vice Presidente e Amministratore Delegato"
,"Bettini Sandro","Amministratore Delegato"
,"Bigazzi Maurizio",Amministratore
,"Sodi Anna",Amministratore
"SABAF SPA ","Saleri Giuseppe",Presidente
,"Saleri Cinzia","Vice Presidente"
,"Forzanini Roberta","Vice Presidente"
,"Saleri Ettore","Vice Presidente"
,"Bartoli Alberto","Amministratore Delegato"
,"Picchi Nicla",Amministratore
,"Beschi Gianluca",Amministratore
,"Gardoni Fausto",Amministratore
,"Cavalli Giuseppe",Amministratore
,"Pendoli Anna",Amministratore
,"Camodeca Renato Salvatore",Amministratore
"SAES GETTERS SPA ","Della Porta Massimo",Presidente
,"Canale Giulio","Vice Presidente e Amministratore Delegato"
,"Mazzola Pietro Alberico",Amministratore
,"De Maio Adriano",Amministratore
,"Giusti Gaudiana",Amministratore
,"Della Porta Luigi Lorenzo",Amministratore
,"Rovelli Luciana Sara",Amministratore
,"Della Porta Alessandra",Amministratore
,"Orecchia Roberto",Amministratore
,"Proverbio Stefano",Amministratore
,"Dogliotti Andrea",Amministratore
"SAFILO GROUP SPA ","Polet Robert",Presidente
,"Deplazes De Andrade Delgado Luisa","Amministratore Delegato"
,"Groot Melchert Frans",Amministratore
,"Mazzilli Ines",Amministratore
,"Guzzetti Guido",Amministratore
,"Razelli Eugenio",Amministratore
,"Jesi Marco",Amministratore
,"Cole Jeffrey Alan",Amministratore
"SAIPEM SPA ","Colombo Paolo Andrea Pio",Presidente
,"Cao Stefano","Amministratore Delegato"
,"Picchi Nicla",Amministratore
,"Siragusa Stefano",Amministratore
,"Mazzarella Flavia",Amministratore
,"Ferrucci Francesco Antonio",Amministratore
,"Guzzetti Guido",Amministratore
,"Ferro Luzzi Federico",Amministratore
,"Cappello Maria Elena",Amministratore
"SALINI IMPREGILO SPA ","Giovannini Alberto","Presidente e Componente del Comitato Esecutivo"
,"Salini Pietro","Amministratore Delegato e Componente del Comitato Esecutivo"
,"Greco Nicola","Amministratore e Componente del Comitato Esecutivo"
,"Marazzi Giacomo","Amministratore e Componente del Comitato Esecutivo"
,"Brogi Marina",Amministratore
,"Linnebank Gerardus Wilhelmus Joseph",Amministratore
,"Guindani Pietro Angelo",Amministratore
,"Pucci Laudomia",Amministratore
,"Cioli Laura",Amministratore
,"Cattaneo Mario",Amministratore
,"Capaldo Giuseppina",Amministratore
,"Bolgiani Marco",Amministratore
,"Cera Roberto",Amministratore
,"Passacantando Franco",Amministratore
"SALVATORE FERRAGAMO SPA ","Miletti Wanda","Presidente onorario"
,"Ferragamo Ferruccio",Presidente
,"Ferragamo Giovanna","Vice Presidente"
,"Norsa Michele","Amministratore Delegato"
,"Ferragamo Leonardo",Amministratore
,"Tombari Umberto",Amministratore
,"Caretti Francesco",Amministratore
,"Ambrosetti Chiara",Amministratore
,"Paternò Castello Di San Giuliano Diego",Amministratore
,"Ferragamo Fulvia",Amministratore
,"Saa' Marzio",Amministratore
,"Woo Kwong Ching Peter",Amministratore
,"Fiori Lidia",Amministratore
,"Antinori Piero",Amministratore
"SARAS SPA RAFFINERIE SARDE ","Moratti Gian Marco",Presidente
,"Moratti Angelo Gino","Vice Presidente"
,"Scaffardi Dario","Vice Presidente"
,"Moratti Massimo","Amministratore Delegato"
,"Moratti Angelomario",Amministratore
,"Previati Gabriele",Amministratore
,"Sechin Igor Ivanovich",Amministratore
,"Cerretelli Adriana",Amministratore
,"Callera Gilberto",Amministratore
,"Fidanza Laura",Amministratore
,"Moratti Gabriele",Amministratore
,"Harvie Watt Isabelle",Amministratore
"SAVE SPA ","Marchi Enrico","Presidente e Amministratore Delegato"
,"Scarpa Monica","Amministratore Delegato"
,"Simioni Paolo","Amministratore Delegato"
,"Angeloni Roberto",Amministratore
,"Spogli Ronald Paul",Amministratore
,"Donzelli Alberto Angelo",Amministratore
,"Martorelli Giorgio",Amministratore
,"Colli Massimo",Amministratore
,"Tagliavini Paola Annunziata",Amministratore
,"Leddi Maria",Amministratore
,"Lorenzoni Francesco",Amministratore
,"Cereda Maurizio",Amministratore
,"Trevisanato Sandro",Amministratore
"SERVIZI ITALIA SPA ","Olivi Roberto",Presidente
,"Righi Enea","Vice Presidente e Amministratore Delegato"
,"Guglielmetti Romina",Amministratore
,"Schwizer Paola Gina Maria",Amministratore
,"Zanichelli Lino",Amministratore
,"Anceschi Emil",Amministratore
,"Salsi Vasco",Amministratore
,"Paglialonga Antonio",Amministratore
,"Galbiati Paola Elisabetta Maria",Amministratore
,"Marchetti Marco",Amministratore
,"Eugeniani Ilaria",Amministratore
"SESA SPA ","Castellacci Paolo",Presidente
,"Gaini Moreno","Vice Presidente"
,"Moriani Giovanni","Vice Presidente"
,"Fabbroni Alessandro","Amministratore Delegato"
,"Oggionni Angela",Amministratore
,"Pelizzari Angelica",Amministratore
,"Zanotti Giovanna",Amministratore
,"Gola Luigi",Amministratore
"SIAS - SOCIETA' INIZIATIVE AUTOSTRADALI E SERVIZI SPA ","Bariatti Stefania",Presidente
,"Gavio Daniela","Vice Presidente"
,"Pierantoni Paolo","Amministratore Delegato"
,"Segni Antonio",Amministratore
,"Piantini Ferruccio",Amministratore
,"Gavio Beniamino",Amministratore
,"Caselli Stefano",Amministratore
,"Vezzosi Claudio",Amministratore
,"Della Gatta Stefano",Amministratore
,"Pellegrini Andrea Giovanni Francesco",Amministratore
,"Quaglia Giovanni",Amministratore
,"Leo Maurizio",Amministratore
,"Mattioli Licia",Amministratore
,"Angioni Giovanni",Amministratore
,"Caramelli Maria",Amministratore
"SINTESI SOCIETA' DI INVESTIMENTI E PARTECIPAZIONI SPA ","Volpi Giuseppe",Presidente
,"Fenaroli Angelo Federico","Amministratore Delegato"
,"Guerrato Paola",Amministratore
,"Freddi Ornella",Amministratore
,"Monarca Umberto",Amministratore
"SNAI SPA ","Del Torchio Gabriele",Presidente
,"Schiavolin Fabio","Amministratore Delegato"
,"Ruozi Roberto",Amministratore
,"Gagliardi Carlo",Amministratore
,"Poggiali Barbara",Amministratore
,"Campoccia Stefano",Amministratore
,"Caverni Mara Anna Rita",Amministratore
,"Colzi Tommaso",Amministratore
,"Agnoli Marcello",Amministratore
,"Orsenigo Enrico",Amministratore
,"Drago Giorgio",Amministratore
,"Scarlatti Paolo",Amministratore
,"Iorio Nicola",Amministratore
,"Palmieri Chiara",Amministratore
"SNAM SPA ","Bini Smaghi Lorenzo",Presidente
,"Malacarne Carlo","Amministratore Delegato"
,"Clo' Alberto",Amministratore
,"Oliveri Elisabetta",Amministratore
,"He Yunpeng",Amministratore
,"Bruno Sabrina",Amministratore
,"Gori Francesco",Amministratore
,"Novelli Andrea",Amministratore
,"Saraceno Pia",Amministratore
"SOCIETA' CATTOLICA DI ASSICURAZIONE SOCIETA' COOPERATIVA ","Bedoni Paolo","Presidente e Componente del Comitato Esecutivo"
,"Garonna Paolo","Vice Presidente e Componente del Comitato Esecutivo"
,"Ambrosetti Enrico Mario","Vice Presidente e Componente del Comitato Esecutivo"
,"Mazzucchelli Giovanni Battista","Amministratore Delegato e Componente del Comitato Esecutivo"
,"Sugranyes Bickel Domingo",Amministratore
,"Zobele Enrico",Amministratore
,"Baraggia Luigi",Amministratore
,"Nardi Angelo",Amministratore
,"Maccagnani Giovanni",Amministratore
,"Ferrarini Lisa",Amministratore
,"Ferroli Paola",Amministratore
,"Campedelli Bettina",Amministratore
,"Mion Luigi",Amministratore
,"Riello Pilade","Amministratore e Componente del Comitato Esecutivo"
,"Napoleoni Carlo",Amministratore
,"Blasevich Barbara","Amministratore e Componente del Comitato Esecutivo"
,"Poli Aldo","Amministratore e Componente del Comitato Esecutivo"
"SOCIETA' SPORTIVA LAZIO SPA ","Lotito Claudio",Presidente
,"Moschini Marco","Consigliere di Gestione Delegato"
"SOGEFI SPA ","Mondardini Monica",Presidente
,"Hebenstreit Laurent Frédéric","Amministratore Delegato"
,"Di Vieto Roberta",Amministratore
,"Germano Giovanni",Amministratore
,"De Benedetti Rodolfo",Amministratore
,"Caprio Lorenzo",Amministratore
,"Frigerio Dario",Amministratore
,"Bosio Emanuele",Amministratore
,"Rocca Paolo Riccardo",Amministratore
,"Robotti Roberto",Amministratore
"SOL SPA ","Fumagalli Romario Aldo","Presidente e Amministratore Delegato"
,"Annoni Marco","Vice Presidente e Amministratore Delegato"
,"Annoni Giovanni",Amministratore
,"Bruscagli Stefano",Amministratore
,"Mansi Antonella",Amministratore
,"Boccardo Maria Antonella",Amministratore
,"Tronconi Alberto",Amministratore
,"Dorigoni Susanna",Amministratore
,"Gervasoni Anna",Amministratore
,"Fumagalli Romario Giulio",Amministratore
"SPACE2 SPA ","Mion Gianni",Presidente
,"Italia Roberto","Amministratore Delegato"
,"Subert Edoardo Carlo Maria",Amministratore
,"Prandstraller Francesca",Amministratore
,"Zambon Margherita",Amministratore
,"Tazartes Alberto Amadio",Amministratore
,"Pagliani Carlo",Amministratore
"STEFANEL SPA ","Lorenzon Elisa","Presidente onorario"
,"Stefanel Giuseppe","Presidente e Amministratore Delegato"
,"Mucci Achille","Amministratore Delegato"
,"Chemello Roberto",Amministratore
,"Visentin Graziano Gianmichele",Amministratore
,"Stefanel Eleonora",Amministratore
,"Manna Marina",Amministratore
"TAMBURI INVESTMENT PARTNERS SPA ","Tamburi Giovanni","Presidente e Amministratore Delegato"
,"D'amico Cesare","Vice Presidente"
,"Gritti Alessandra","Vice Presidente e Amministratore Delegato"
,"Ferrero Giuseppe",Amministratore
,"Cuzzocrea Francesco",Amministratore
,"Berretti Claudio",Amministratore
,"Capponi Alberto",Amministratore
,"Mezzetti Manuela",Amministratore
,"D'amico Paolo",Amministratore
"TAS TECNOLOGIA AVANZATA DEI SISTEMI SPA ","Pardi Dario",Presidente
,"Bravi Valentino","Amministratore Delegato"
,"Di Giacomo Luca",Amministratore
,"Suzan Andree Bazile",Amministratore
,"Pavoncelli Riccardo",Amministratore
,"Viglione Roberta",Amministratore
,"Albini Giancarlo Maria",Amministratore
,"Damiani Giovanni",Amministratore
"TELECOM ITALIA SPA ","Recchi Giuseppe",Presidente
,"Patuano Marco","Amministratore Delegato"
,"Gallo Giorgina",Amministratore
,"Benello Davide",Amministratore
,"Cornelli Francesca",Amministratore
,"Valerio Giorgio Giannino",Amministratore
,"Cioli Laura",Amministratore
,"Ben Ammar Tarak",Amministratore
,"Kingsmill Denise",Amministratore
,"Cattaneo Flavio",Amministratore
,"Herzog Félicité",Amministratore
,"Roussel Stéphane",Amministratore
,"Fitoussi Jean Paul",Amministratore
,"Roy De Puyfontaine Arnaud",Amministratore
,"Calvosa Lucia",Amministratore
,"Marzotto Luca",Amministratore
,"Philippe Hervé",Amministratore
"TERNA - RETE ELETTRICA NAZIONALE SPA ","Bastioli Catia",Presidente
,"Del Fante Matteo","Amministratore Delegato"
,"Corsico Fabio",Amministratore
,"Saglia Stefano",Amministratore
,"Porcelli Gabriella",Amministratore
,"Calari Cesare",Amministratore
,"He Yunpeng",Amministratore
,"Dal Fabbro Luca",Amministratore
,"Cerami Carlo",Amministratore
"TERNIENERGIA SPA ","Neri Stefano","Presidente e Amministratore Delegato"
,"Venturi Fabrizio","Amministratore Delegato"
,"Fabrizi Giovanni","Amministratore Delegato"
,"Agosta Sergio","Amministratore Delegato"
,"Ricci Francesca",Amministratore
,"Molteni Mario Marco",Amministratore
,"De Marinis Domenico",Amministratore
,"Federici Monica",Amministratore
,"Migliavacca Paolo Ottone",Amministratore
"TESMEC SPA ","Caccia Dominioni Ambrogio","Presidente e Amministratore Delegato"
,"Bolelli Gianluca","Vice Presidente"
,"Caccia Dominioni Lucia",Amministratore
,"Caccia Dominioni Caterina",Amministratore
,"Attanzio Gioacchino",Amministratore
,"Corbetta Guido Giuseppe",Amministratore
,"Arnoldi Sergio",Amministratore
"TISCALI SPA ","Soru Renato","Presidente e Amministratore Delegato"
,"Racugno Gabriele Arcangelo",Amministratore
,"Grimaldi Franco",Amministratore
,"Scano Luca",Amministratore
,"Brizio Assunta",Amministratore
"TOD'S SPA ","Della Valle Diego","Presidente e Amministratore Delegato e Componente del Comitato Esecutivo"
,"Della Valle Andrea","Vice Presidente e Amministratore Delegato e Componente del Comitato Esecutivo"
,"Sincini Stefano","Amministratore Delegato e Componente del Comitato Esecutivo"
,"Cambri Luigi",Amministratore
,"Guglielmetti Romina",Amministratore
,"Saviotti Pier Francesco",Amministratore
,"Macellari Emilio","Amministratore e Componente del Comitato Esecutivo"
,"Abete Luigi",Amministratore
,"Della Valle Emanuele",Amministratore
,"Boscarato Maurizio",Amministratore
,"Manes Vincenzo",Amministratore
,"Oglio Cinzia",Amministratore
,"Scannavini Michele",Amministratore
,"Dalmasso Sveva",Amministratore
,"Cordero Di Montezemolo Luca",Amministratore
"TOSCANA AEROPORTI SPA ","Carrai Marco","Presidente e Componente del Comitato Esecutivo"
,"Pacini Pierfrancesco","Vice Presidente e Componente del Comitato Esecutivo"
,"Naldi Roberto","Vice Presidente e Componente del Comitato Esecutivo"
,"Giani Gina","Amministratore Delegato e Componente del Comitato Esecutivo"
,"Girello Anna",Amministratore
,"Mazzei Iacopo","Amministratore e Componente del Comitato Esecutivo"
,"Eurnekian Martin Francisco Antranik","Amministratore e Componente del Comitato Esecutivo"
,"Fanti Vittorio","Amministratore e Componente del Comitato Esecutivo"
,"Bassilichi Leonardo",Amministratore
,"Bonadio Giovanni Battista",Amministratore
,"Schirinian Ana Cristina",Amministratore
,"Fabri Elisabetta",Amministratore
,"Bottai Stefano",Amministratore
,"Nobile Angela",Amministratore
,"Panerai Saverio",Amministratore
"TREVI - FINANZIARIA INDUSTRIALE SPA ","Trevisani Davide","Presidente e Amministratore Delegato"
,"Trevisani Cesare","Vice Presidente"
,"Trevisani Gianluigi","Vice Presidente"
,"Trevisani Stefano",Amministratore
,"Mondardini Monica",Amministratore
,"Rivolta Guido",Amministratore
,"Rolli Rita",Amministratore
,"Dassu' Marta",Amministratore
,"Trevisani Simone",Amministratore
,"Della Sala Umberto",Amministratore
,"Finocchi Mahne Cristina",Amministratore
"TXT E-SOLUTIONS SPA ","Braga Illa Alvise",Presidente
,"Guida Marco Edoardo","Amministratore Delegato"
,"Saviolo Stefania",Amministratore
,"Dejean Fabienne Anne",Amministratore
,"Cencini Andrea",Amministratore
,"Naddeo Teresa",Amministratore
,"Colombo Paolo Enrico",Amministratore
"UNICREDIT SPA ","Vita Giuseppe",Presidente
,"Calandra Buonaura Vincenzo","Vice Presidente"
,"Cordero Di Montezemolo Luca","Vice Presidente"
,"Palenzona Fabrizio","Vice Presidente"
,"Ghizzoni Federico","Amministratore Delegato"
,"Vezzani Paola",Amministratore
,"Wyand Anthony",Amministratore
,"Jung Helga Elisabeth",Amministratore
,"Bochniarz Henryka Teodora",Amministratore
,"Bischoff Manfred",Amministratore
,"Al Mehairi Mohamed Hamad Ghanem Hamad",Amministratore
,"Bisoni Cesare",Amministratore
,"Reichlin Lucrezia",Amministratore
,"Streit Clara Christina Frances Traute",Amministratore
,"Caltagirone Alessandro",Amministratore
,"Wolfgring Alexander",Amministratore
,"Zambon Elena Emilia Teresa",Amministratore
"UNIONE DI BANCHE ITALIANE SPA ","Polotti Franco",Presidente
,"Frigeri Giorgio","Vice Presidente"
,"Massiah Victor","Consigliere di Gestione Delegato"
,"Gattinoni Luciana","Consigliere di Gestione"
,"Pizzini Flavio","Consigliere di Gestione"
,"Medda Ettore Giuseppe","Consigliere di Gestione"
,"Sonnino Elvio","Consigliere di Gestione"
,"Fidanza Silvia","Consigliere di Gestione"
,"Lucchini Italo","Consigliere di Gestione"
"UNIPOL GRUPPO FINANZIARIO SPA ","Stefanini Pierluigi",Presidente
,"Antonelli Giovanni","Vice Presidente"
,"Cimbri Carlo","Amministratore Delegato"
,"Cattabiani Paolo",Amministratore
,"Morara Pier Luigi",Amministratore
,"Pasquariello Maria Antonietta",Amministratore
,"Turrini Adriano",Amministratore
,"Zambelli Rossana",Amministratore
,"Baratta Giovanni Battista",Amministratore
,"Manes Paola",Amministratore
,"Righini Elisabetta",Amministratore
,"Saporito Francesco",Amministratore
,"Gualtieri Giuseppina",Amministratore
,"Collina Piero",Amministratore
,"Venturi Marco Giuseppe",Amministratore
,"Galardi Guido",Amministratore
,"Zini Carlo",Amministratore
,"Levorato Claudio",Amministratore
,"Malavasi Ivan",Amministratore
,"Pacchioni Milo",Amministratore
,"Costalli Sergio",Amministratore
,"Zucchelli Mario",Amministratore
,"Berardini Francesco",Amministratore
,"Dalle Rive Ernesto",Amministratore
,"Di Menna Massimo",Amministratore
"UNIPOLSAI ASSICURAZIONI SPA ","Cerchiai Fabio","Presidente e Componente del Comitato Esecutivo"
,"Stefanini Pierluigi","Vice Presidente e Componente del Comitato Esecutivo"
,"Cimbri Carlo","Amministratore Delegato e Componente del Comitato Esecutivo"
,"Cattabiani Paolo",Amministratore
,"Maugeri Maria Rosaria",Amministratore
,"Cottignoli Lorenzo",Amministratore
,"Vella Francesco","Amministratore e Componente del Comitato Esecutivo"
,"Picchi Nicla","Amministratore e Componente del Comitato Esecutivo"
,"Recchi Giuseppe",Amministratore
,"Tadolini Barbara",Amministratore
,"Carletti Milva",Amministratore
,"Frasinetti Ethel",Amministratore
,"Montagnani Maria",Amministratore
,"Masotti Massimo",Amministratore
,"Zucchelli Mario",Amministratore
,"Berardini Francesco",Amministratore
,"Ghiglieno Giorgio",Amministratore
,"Dalle Rive Ernesto",Amministratore
,"De Benetti Cristina",Amministratore
"VALSOIA SPA ","Doria De Zuliani Cesare","Presidente onorario e Amministratore"
,"Sassoli De Bianchi Lorenzo",Presidente
,"Burnelli Furio","Vice Presidente e Amministratore Delegato"
,"Ariotti Ruggero","Vice Presidente"
,"Panzani Andrea","Amministratore Delegato"
,"Sassoli De Bianchi Gregorio",Amministratore
,"Postacchini Francesca",Amministratore
,"Zucchelli Susanna",Amministratore
"VIANINI INDUSTRIA SPA ","Delfini Mario",Presidente
,"Tusino Elvidio","Amministratore Delegato"
,"Carlevaris Carlo",Amministratore
,"Mariani Annalisa",Amministratore
,"Trevisan Dario",Amministratore
"VITTORIA ASSICURAZIONI SPA ","Guatri Luigi","Presidente onorario"
,"Costa Giorgio Roberto",Presidente
,"Acutis Carlo","Vice Presidente"
,"Acutis Andrea","Vice Presidente"
,"Guarena Roberto","Amministratore Delegato"
,"Passerin D'entreves Lodovico",Amministratore
,"Strazzera Anna",Amministratore
,"Spadafora Giuseppe",Amministratore
,"Baggi Sisini Francesco",Amministratore
,"Brignone Marco",Amministratore
,"Marsani Pietro Carlo",Amministratore
,"Ferragamo Fulvia",Amministratore
,"Guerra Seragnoli Lorenza",Amministratore
,"Paveri Fontana Luca",Amministratore
,"Gierl Bernhard Franz Josef",Amministratore
,"Marsiaj Giorgio",Amministratore
,"Acutis Biscaretti Di Ruffia Adriana",Amministratore
"YOOX NET-A-PORTER GROUP SPA ","Napoleone Raffaello",Presidente
,"Valerio Stefano","Vice Presidente"
,"Marchetti Federico","Amministratore Delegato"
,"Foti Alessandro Robin",Amministratore
,"Zoni Laura",Amministratore
,"Lepeu Richard Philippe",Amministratore
,"Saage Gary Albert Jr",Amministratore
,"Gerardin Catherine",Amministratore
,"Kunze Concewitz Robert",Amministratore
"ZIGNAGO VETRO SPA ","Grisan Franco",Presidente
,"Marzotto Nicolo'","Vice Presidente"
,"Giacobbo Paolo","Amministratore Delegato"
,"Romei Manuela",Amministratore
,"Marzotto Stefano",Amministratore
,"Sobrero Maurizio",Amministratore
,"Tamburi Giovanni",Amministratore
,"Marzotto Gaetano",Amministratore
,"Faggion Alberto",Amministratore
,"Benassi Lino",Amministratore
,"Marzotto Luca",Amministratore
,"Mio Chiara",Amministratore
,"Businaro Ferdinando",Amministratore
,"Manzoni Daniela",Amministratore
"ZUCCHI SPA - VINCENZO ZUCCHI ","Turi Angelo",Presidente
,"Vacchi Giovanni","Amministratore Delegato"
,"Pedersoli Paolo",Amministratore
,"Fornari Giuseppe",Amministratore
,"Adami Lami Barbara",Amministratore
,"Caggiano Miriam Denise",Amministratore
,"Polliotto Patrizia",Amministratore
"MEDIOLANUM SPA ","Secchi Carlo",Presidente
,"Messina Alfredo","Vice Presidente"
,"Doris Massimo","Vice Presidente"
,"Doris Ennio","Amministratore Delegato"
,"Scarfone Anna",Amministratore
,"Biffi Elena",Amministratore
,"Zunino De Pignier Maria Alessandra",Amministratore
,"Molteni Mario Marco",Amministratore
,"Berlusconi Luigi",Amministratore
,"Renoldi Angelo",Amministratore
,"Cannatelli Pasquale",Amministratore
,"Lombardi Edoardo",Amministratore
,"Maviglia Roberto",Amministratore
,"Doris Annalisa",Amministratore
,"Pellegrino Danilo",Amministratore
"VIANINI LAVORI SPA ","Delfini Mario","Presidente e Componente del Comitato Esecutivo"
,"Cristini Franco","Amministratore Delegato e Componente del Comitato Esecutivo"
,"Majore Albino","Amministratore e Componente del Comitato Esecutivo"
,"Capece Minutolo Del Sasso Massimiliano","Amministratore e Componente del Comitato Esecutivo"
,"Mariani Annalisa",Amministratore
,"Caltagirone Tatiana",Amministratore
,"Santiccioli Arnaldo",Amministratore
,"Carlevaris Carlo",Amministratore
,"Caltagirone Alessandro","Amministratore e Componente del Comitato Esecutivo"
